algorithm,contrast,metric,baseline_mean,enhanced_mean,abs_change,rel_change_pct,var_baseline,var_enhanced,var_ratio,wilcoxon_p,t_p,cohens_dz,rank_biserial,cliffs_delta,wilcoxon_p_holm,wilcoxon_p_bh,sig_holm_0.05,effect_dz_mag
DQN,+PER,success_rate,49.75,41.25,-8.5,-17.08542713567839,639.5138888888889,714.2361111111111,1.116842219567814,0.21352435403618242,0.26500537560342363,-0.3758748621607269,-0.4666666666666667,-0.29,0.6405730621085473,0.6405730621085473,False,small
DQN,+Noisy,success_rate,49.75,55.0,5.249999999999999,10.552763819095475,639.5138888888889,650.0,1.0163970029319145,1.0,0.5958177730424381,0.17387002849206068,0.03636363636363636,0.11,1.0,1.0,False,negligible
DQN,+PER+Noisy,success_rate,49.75,45.75,-4.0,-8.040201005025125,639.5138888888889,511.18055555555554,0.799326745574981,0.556640625,0.6816136221733309,-0.13403847642680705,-0.23636363636363636,-0.16,1.0,0.8349609375,False,negligible
DQN,+PER,mean_reward,-18.632237500000002,-38.4821225,-19.849884999999997,106.53516519419632,2972.6562200146177,3128.756815208951,1.0525121587028203,0.193359375,0.22656669968799967,-0.41046075935617904,-0.4909090909090909,-0.3,0.580078125,0.580078125,False,small
DQN,+Noisy,mean_reward,-18.632237500000002,-5.3288125,13.303425000000004,-71.40003985028638,2972.6562200146177,2924.735301069062,0.9838794278924995,0.845703125,0.5343190077214238,0.20432568197766365,0.09090909090909091,0.18,1.0,0.845703125,False,small
DQN,+PER+Noisy,mean_reward,-18.632237500000002,-27.2655725,-8.633334999999999,46.335470981410566,2972.6562200146177,2331.67831476798,0.784375367413496,0.6953125,0.6855271847015942,-0.13228040123233958,-0.16363636363636364,-0.16,1.0,0.845703125,False,negligible
DQN,+PER,optimality_ratio,1.5867713675213677,1.222169986071899,-0.36460138144946846,-22.977562420917497,2.5051378385174234,0.11378458019356187,0.04542048682674532,0.7531523647659145,0.5389468409007012,-0.21393684393476278,0.14285714285714285,0.25925925925925924,1.0,0.8657723749926213,False,small
DQN,+Noisy,optimality_ratio,1.5867713675213677,1.0523749982802937,-0.6069537278962077,-38.25086211659503,2.5051378385174234,0.0017665561468725363,0.0007051732322713266,0.8657723749926214,0.3363140557094523,-0.3649398052755067,0.07142857142857142,0.40625,1.0,0.8657723749926213,False,small
DQN,+PER+Noisy,optimality_ratio,1.5867713675213677,1.228810999900035,-0.4183679135739992,-26.365985808498365,2.5051378385174234,0.05914821124548794,0.02361076118689449,0.6001794871405538,0.5206906685291866,-0.23903215809163567,0.23809523809523808,0.375,1.0,0.8657723749926213,False,small
DQN,+PER,mean_steps,36.68750000000001,40.5875,3.8999999999999995,10.630323679727423,151.66392361111113,151.52684027777778,0.9990961374988236,0.3139380937749148,0.27032550873550043,0.37141664024665383,0.37777777777777777,0.27,0.9418142813247443,0.845703125,False,small
DQN,+Noisy,mean_steps,36.68750000000001,33.9325,-2.755000000000001,-7.509369676320273,151.66392361111113,134.34347916666667,0.8857972019182581,0.845703125,0.5621697446961345,-0.19030032013764286,-0.09090909090909091,-0.15,1.0,0.845703125,False,negligible
DQN,+PER+Noisy,mean_steps,36.68750000000001,38.83,2.142500000000001,5.839863713798979,151.66392361111113,111.77969444444446,0.7370223042037619,0.625,0.6524655749552757,0.1472804750392096,0.2,0.17,1.0,0.845703125,False,negligible
DQN,+PER,revisit_rate,26.52,32.3425,5.8225,21.955128205128204,177.77594444444443,174.91056249999997,0.9838820603462473,0.232421875,0.1920062076543435,0.44603938302942897,0.45454545454545453,0.3,0.697265625,0.6953125,False,small
DQN,+Noisy,revisit_rate,26.52,22.6575,-3.8625000000000007,-14.564479638009052,177.77594444444443,163.3894513888889,0.9190751420249021,0.6953125,0.4614942690151763,-0.24323626800232187,-0.16363636363636364,-0.18,1.0,0.6953125,False,small
DQN,+PER+Noisy,revisit_rate,26.52,29.092499999999994,2.5724999999999993,9.70022624434389,177.77594444444443,121.83986805555554,0.6853563255496072,0.6953125,0.6284692261554983,0.1583952994507656,0.16363636363636364,0.18,1.0,0.6953125,False,negligible
DQN,+PER,excess_cost,14.238376068376068,15.494311914172783,1.2559358457967151,8.82078012102934,844.7434979947402,523.5376859128811,0.6197593555388821,0.916511907863894,0.9321334893277935,0.029292706621041366,0.047619047619047616,0.2345679012345679,1.0,0.916511907863894,False,negligible
DQN,+Noisy,excess_cost,14.238376068376068,3.5170366252127008,-12.621584998558788,-88.644835183078,844.7434979947402,5.652537616580435,0.006691424828955157,0.8657723749926214,0.2539631536735796,-0.43938746007025703,0.07142857142857142,0.40625,1.0,0.916511907863894,False,small
DQN,+PER+Noisy,excess_cost,14.238376068376068,14.912482133634178,-0.4088925813465316,-2.8717641631526813,844.7434979947402,224.56561787914882,0.2658388237520913,0.916511907863894,0.9753011922168557,-0.011343186043478743,0.047619047619047616,0.3125,1.0,0.916511907863894,False,negligible
DQN,+PER,route_risk,0.6464768104734772,0.584353938313431,-0.062122872160046146,-9.609450973894576,0.053672483684092456,0.06735385154654215,1.2549046908836194,0.734375,0.6371142652677206,-0.16341899256467352,-0.15555555555555556,-0.18518518518518517,1.0,0.9453125,False,negligible
DQN,+Noisy,route_risk,0.6464768104734772,0.6064821669928993,-0.07964966587993588,-12.320575864368712,0.053672483684092456,0.014027496129280368,0.2613535869113853,0.7421875,0.4369212856787257,-0.29145403723081054,-0.16666666666666666,-0.125,1.0,0.9453125,False,small
DQN,+PER+Noisy,route_risk,0.6464768104734772,0.6671047266343684,-0.013876927652330631,-2.1465468563624457,0.053672483684092456,0.013087195876886015,0.24383436313316761,0.9453125,0.903950596996774,-0.044234496631035805,-0.05555555555555555,0.0625,1.0,0.9453125,False,negligible
DQN,+PER,route_difficulty,1.6459737579704243,1.5782699767516435,-0.06770378121878112,-4.1132965146578995,0.23072694772088304,0.6394715033587682,2.7715510029299013,0.8203125,0.841593501029539,-0.06881814244026824,-0.1111111111111111,-0.20987654320987653,1.0,0.84375,False,negligible
DQN,+Noisy,route_difficulty,1.6459737579704243,1.6011450911706542,-0.14267220550688464,-8.66795140663769,0.23072694772088304,0.09183578753269787,0.3980280086043276,0.7421875,0.4780174228000603,-0.2649664755498093,-0.16666666666666666,-0.09375,1.0,0.84375,False,small
DQN,+PER+Noisy,route_difficulty,1.6459737579704243,1.7904219709559988,0.06285543008496136,3.818738286718832,0.23072694772088304,0.11243659228226753,0.4873145221783339,0.84375,0.8028745861635935,0.0916713837890428,0.1111111111111111,0.09375,1.0,0.84375,False,negligible
DoubleDQN,+PER,success_rate,43.25,50.25,7.000000000000002,16.1849710982659,729.2361111111111,295.06944444444446,0.40462813065422343,0.40652926629258523,0.4488706903265923,0.25037285628474015,0.3111111111111111,0.22,1.0,0.7720045851746032,False,small
DoubleDQN,+Noisy,success_rate,43.25,44.5,1.2499999999999993,2.8901734104046226,729.2361111111111,738.6111111111111,1.0128559184839538,0.9527235817670947,0.8541282251310285,0.059832702323253786,0.022222222222222223,0.13,1.0,0.9527235817670947,False,negligible
DoubleDQN,+PER+Noisy,success_rate,43.25,44.75,1.5,3.468208092485549,729.2361111111111,399.2361111111111,0.5474716693648224,0.5146697234497355,0.8894395375206584,0.04522099232582798,0.24444444444444444,0.09,1.0,0.7720045851746032,False,negligible
DoubleDQN,+PER,mean_reward,-33.03827,-20.906392500000003,12.131877499999995,-36.720680289857775,3139.021711358722,1720.3361915341748,0.5480485162969865,0.556640625,0.537713338210374,0.20259386289470868,0.23636363636363636,0.16,1.0,0.8349609375,False,small
DoubleDQN,+Noisy,mean_reward,-33.03827,-28.159400000000005,4.878869999999997,-14.76732891885682,3139.021711358722,3351.199584183889,1.0675936302247895,0.921875,0.7404276268703653,0.10805157361894202,0.05454545454545454,0.14,1.0,0.921875,False,negligible
DoubleDQN,+PER+Noisy,mean_reward,-33.03827,-28.857687500000004,4.180582499999996,-12.653757294192452,3139.021711358722,1736.309379723784,0.5531371042898027,0.556640625,0.8536230326325668,0.06004269624063056,0.23636363636363636,0.08,1.0,0.8349609375,False,negligible
DoubleDQN,+PER,optimality_ratio,1.171247142857143,1.4612564209124208,0.12726221371221375,10.865530344156914,0.13251512058061227,0.3839833983932983,2.897657238742892,0.3454475304692257,0.46080046458948076,0.2582320420065476,0.42857142857142855,0.1728395061728395,1.0,0.85546875,False,small
DoubleDQN,+Noisy,optimality_ratio,1.171247142857143,1.2058503173557522,0.03460317449860923,2.954387100078483,0.13251512058061227,0.023056993299602736,0.173995187859159,0.5703125,0.8069831297609467,0.08418364582368762,0.24444444444444444,0.5555555555555556,1.0,0.85546875,False,negligible
DoubleDQN,+PER+Noisy,optimality_ratio,1.171247142857143,1.096553828524535,-0.08891094449654835,-7.591134376614895,0.13251512058061227,0.011443789658103963,0.08635836882586104,0.916511907863894,0.4971562854913677,-0.23707431451201974,-0.047619047619047616,0.2962962962962963,1.0,0.916511907863894,False,small
DoubleDQN,+PER,mean_steps,39.862500000000004,35.957499999999996,-3.905000000000001,-9.79617434932581,136.97211805555557,84.39972916666666,0.6161818212698903,0.431640625,0.34749081587760744,-0.31344224965282896,-0.3090909090909091,-0.18,1.0,0.6784023758521882,False,small
DoubleDQN,+Noisy,mean_steps,39.862500000000004,39.010000000000005,-0.8525000000000009,-2.138601442458453,136.97211805555557,159.7639166666667,1.1663973583431544,0.6784023758521882,0.7870623034744588,-0.08800955264321078,-0.15555555555555556,-0.11,1.0,0.6784023758521882,False,negligible
DoubleDQN,+PER+Noisy,mean_steps,39.862500000000004,38.769999999999996,-1.0925000000000005,-2.740671056757605,136.97211805555557,78.52816666666666,0.5733149766641984,0.4921875,0.8237075253081118,-0.0725338084379756,-0.2727272727272727,-0.08,1.0,0.6784023758521882,False,negligible
DoubleDQN,+PER,revisit_rate,30.1775,27.9875,-2.1900000000000004,-7.2570623809129335,169.42950694444443,108.7103125,0.6416256203569422,0.556640625,0.6376361523810861,-0.15412505220694647,-0.23636363636363636,-0.12,1.0,0.556640625,False,negligible
DoubleDQN,+Noisy,revisit_rate,30.1775,27.825,-2.3525,-7.795543037030901,169.42950694444443,179.61027777777778,1.0600885348540359,0.556640625,0.5103617007921093,-0.21674057985019102,-0.23636363636363636,-0.1,1.0,0.556640625,False,small
DoubleDQN,+PER+Noisy,revisit_rate,30.1775,29.152499999999996,-1.024999999999999,-3.3965702924364147,169.42950694444443,92.61422916666668,0.5466239667275588,0.4921875,0.846979514141417,-0.06280698304547377,-0.2727272727272727,-0.08,1.0,0.556640625,False,negligible
DoubleDQN,+PER,excess_cost,11.135396825396827,22.902589893439895,4.0693697228697205,36.544451775518134,489.9397809886623,956.9538161379737,1.953207012924959,0.6001794871405538,0.676768639256161,0.14418181603859384,0.23809523809523808,0.1728395061728395,1.0,0.9002692307108306,False,negligible
DoubleDQN,+Noisy,excess_cost,11.135396825396827,10.968757508371034,-0.16663931702579088,-1.4964829690283843,489.9397809886623,64.69479967944639,0.13204643139795072,0.5703125,0.9843580052705418,-0.0067421921413781186,0.24444444444444444,0.5555555555555556,1.0,0.9002692307108306,False,negligible
DoubleDQN,+PER+Noisy,excess_cost,11.135396825396827,7.232691376457682,-3.7404619626660693,-33.59073790828081,489.9397809886623,70.97013197480938,0.14485480609800025,0.916511907863894,0.6493440368411368,-0.15742554277263027,-0.047619047619047616,0.2962962962962963,1.0,0.916511907863894,False,negligible
DoubleDQN,+PER,route_risk,0.5906490818549642,0.6515984407259408,-0.014961925492807886,-2.5331327775570527,0.03923716195736683,0.0888058264743698,2.2633091193206543,0.65234375,0.8452009280030992,-0.0672265921601127,-0.2,-0.08641975308641975,1.0,1.0,False,negligible
DoubleDQN,+Noisy,route_risk,0.5906490818549642,0.6069093661482551,0.01626028429329082,2.752951759820662,0.03923716195736683,0.012569634435718784,0.32035024473422236,1.0,0.793880722746256,0.09005107497342695,0.022222222222222223,0.2839506172839506,1.0,1.0,False,negligible
DoubleDQN,+PER+Noisy,route_risk,0.5906490818549642,0.5655741571994832,-0.024941684966649464,-4.2227586113092395,0.03923716195736683,0.022050634699194105,0.5619834258949014,0.734375,0.7527856983729937,-0.108667911980076,-0.15555555555555556,-0.06172839506172839,1.0,1.0,False,negligible
DoubleDQN,+PER,route_difficulty,1.6990627606598194,1.7014058924408926,-0.13892288016993903,-8.176441941202295,0.5197334550224326,0.4650043836142126,0.8946978092725283,0.5703125,0.5938561394623703,-0.18510843908139543,-0.24444444444444444,-0.08641975308641975,1.0,0.85546875,False,negligible
DoubleDQN,+Noisy,route_difficulty,1.6990627606598194,1.5928441873299364,-0.10621857332988321,-6.2515979862117605,0.5197334550224326,0.13873857403332304,0.2669417808159662,0.91015625,0.6210441301761415,-0.17138358691674782,-0.06666666666666667,0.25925925925925924,1.0,0.91015625,False,negligible
DoubleDQN,+PER+Noisy,route_difficulty,1.6990627606598194,1.5062824677054025,-0.17719335209826104,-10.428887984658624,0.5197334550224326,0.20037246261344976,0.38552927597243347,0.5703125,0.5189030527721594,-0.22489012063866204,-0.24444444444444444,-0.06172839506172839,1.0,0.85546875,False,small
DuelingDQN,+PER,success_rate,40.25,48.75,8.5,21.11801242236025,271.4583333333333,807.2916666666666,2.9739063699155794,0.3742593192802244,0.3469332475723591,0.31382387128541533,0.3333333333333333,0.23,0.826171875,0.375,False,small
DuelingDQN,+Noisy,success_rate,40.25,54.5,14.25,35.40372670807454,271.4583333333333,927.5,3.416730621642364,0.275390625,0.16851049607485583,0.47352254696526547,0.43636363636363634,0.43,0.826171875,0.375,False,small
DuelingDQN,+PER+Noisy,success_rate,40.25,52.25,12.0,29.81366459627329,271.4583333333333,657.5694444444445,2.4223586595037094,0.375,0.26009494675867983,0.3800544021124606,0.34545454545454546,0.45,0.826171875,0.375,False,small
DuelingDQN,+PER,mean_reward,-38.23354500000001,-21.56653999999999,16.66700500000001,-43.59262265636108,1217.3375940367778,3805.9231731161385,3.126431970687299,0.322265625,0.3922047896866039,0.28420430597614665,0.38181818181818183,0.26,0.64453125,0.375,False,small
DuelingDQN,+Noisy,mean_reward,-38.23354500000001,-6.272904999999996,31.960640000000005,-83.59319022078648,1217.3375940367778,4147.77239256011,3.4072490760806975,0.193359375,0.15414296254559753,0.4920358208968051,0.4909090909090909,0.44,0.580078125,0.375,False,small
DuelingDQN,+PER+Noisy,mean_reward,-38.23354500000001,-13.767279999999989,24.466265000000018,-63.991620447436965,1217.3375940367778,3072.2975668923327,2.523784348682091,0.375,0.28187609649756856,0.36197467278033685,0.34545454545454546,0.46,0.64453125,0.375,False,small
DuelingDQN,+PER,optimality_ratio,1.0741660781609195,1.138738258365057,0.06457218020413753,6.011377711228008,0.025505605635136437,0.09500946649141843,3.72504255929268,0.27332167829229814,0.27081293481013,0.37101172543053185,0.6,0.1,0.8199650348768944,0.638671875,False,small
DuelingDQN,+Noisy,optimality_ratio,1.0741660781609195,1.094796905371826,0.002089307670676721,0.19450508754231247,0.025505605635136437,0.02634326692432512,1.0328422426493855,0.7353166906373405,0.981738705289682,0.008385945328326396,0.14285714285714285,0.21875,0.8515625,0.7353166906373406,False,negligible
DuelingDQN,+PER+Noisy,optimality_ratio,1.0741660781609195,1.2479573671581716,0.16555061364603893,15.41201281737348,0.025505605635136437,0.29379722179507645,11.518927485899114,0.42578125,0.434952466533867,0.27396096251558255,0.3333333333333333,0.48148148148148145,0.8515625,0.638671875,False,small
DuelingDQN,+PER,mean_steps,40.37,36.4425,-3.9274999999999975,-9.728758979440173,47.461083333333335,185.98181250000005,3.918617095058584,0.375,0.3406769968063633,-0.3181376815529712,-0.34545454545454546,-0.26,0.966796875,0.375,False,small
DuelingDQN,+Noisy,mean_steps,40.37,34.405,-5.964999999999999,-14.77582363140946,47.461083333333335,196.4588611111111,4.139367399840454,0.322265625,0.22477844060426114,-0.41218494472864686,-0.38181818181818183,-0.48,0.966796875,0.375,False,small
DuelingDQN,+PER+Noisy,mean_steps,40.37,35.1325,-5.237499999999999,-12.97374287837503,47.461083333333335,139.96431249999998,2.9490332430254256,0.375,0.2721677695748922,-0.3698893046134581,-0.34545454545454546,-0.46,0.966796875,0.375,False,small
DuelingDQN,+PER,revisit_rate,31.580000000000002,28.02,-3.5599999999999996,-11.272957568081061,78.23913888888887,222.1256666666667,2.8390607286989433,0.322265625,0.4559423230516978,-0.24635889997490384,-0.38181818181818183,-0.28,0.64453125,0.375,False,small
DuelingDQN,+Noisy,revisit_rate,31.580000000000002,22.6375,-8.942499999999999,-28.31697276757441,78.23913888888887,218.82517361111113,2.796876048468212,0.10546875,0.0995315528633291,-0.5806158479564154,-0.6,-0.48,0.31640625,0.31640625,False,medium
DuelingDQN,+PER+Noisy,revisit_rate,31.580000000000002,25.5625,-6.0175,-19.05478150728309,78.23913888888887,179.59559027777772,2.295469925005565,0.375,0.28020481462507657,-0.3633214974278779,-0.34545454545454546,-0.46,0.64453125,0.375,False,small
DuelingDQN,+PER,excess_cost,2.9815827586206898,7.283914165497897,4.302331406877206,144.29689715765286,31.757898461210207,158.59611060133656,4.993910752471526,0.14412703481601533,0.1706765037302496,0.4708534191104001,0.8,0.14,0.432381104448046,0.432381104448046,False,small
DuelingDQN,+Noisy,excess_cost,2.9815827586206898,6.830351706509218,3.103373258233355,104.08475999066371,31.757898461210207,111.29348410635066,3.504434786271735,0.49896229860376107,0.4869053458688809,0.25944349130789174,0.2857142857142857,0.28125,0.6015625,0.4989622986037611,False,small
DuelingDQN,+PER+Noisy,excess_cost,2.9815827586206898,12.042909135720995,8.730039403920227,292.79882903397356,31.757898461210207,521.8433839491304,16.431924315978318,0.30078125,0.32950900973686764,0.346086760524513,0.4222222222222222,0.5308641975308642,0.6015625,0.451171875,False,small
DuelingDQN,+PER,route_risk,0.5167556000745367,0.5138709102507507,-0.002884689823785885,-0.5582309748302289,0.025529197177091702,0.039143285205344706,1.5332752116650747,1.0,0.975123748557269,-0.010138338810404261,0.01818181818181818,0.12,1.0,1.0,False,negligible
DuelingDQN,+Noisy,route_risk,0.5167556000745367,0.6456754249197438,0.08737946378761194,16.909243707278325,0.025529197177091702,0.01791566842321841,0.7017717125587798,0.1953125,0.13247284232659143,0.6018765391704264,0.5555555555555556,0.28125,0.5859375,0.5859375,False,medium
DuelingDQN,+PER+Noisy,route_risk,0.5167556000745367,0.5951566849173322,0.06437773533956415,12.458062443886108,0.025529197177091702,0.02082162957316779,0.8156006406598564,0.49609375,0.4531746864209565,0.2628088225077112,0.28888888888888886,0.25925925925925924,0.9921875,0.744140625,False,small
DuelingDQN,+PER,route_difficulty,1.3728714618822688,1.3608467870223442,-0.012024674859924778,-0.8758776909411756,0.17966139471308304,0.23675361834228997,1.3177768029708468,1.0,0.9611208352207352,-0.015849592969702016,0.01818181818181818,0.14,1.0,1.0,False,negligible
DuelingDQN,+Noisy,route_difficulty,1.3728714618822688,1.7048758117068512,0.20809411422414478,15.157581754874439,0.17966139471308304,0.07823722470624601,0.4354704294219126,0.3125,0.1948030674390523,0.5068548790985729,0.4444444444444444,0.3125,0.9375,0.85546875,False,medium
DuelingDQN,+PER+Noisy,route_difficulty,1.3728714618822688,1.586684673005514,0.16491840222723508,12.012661549619837,0.17966139471308304,0.14319561644817547,0.797030528883832,0.5703125,0.461031627872302,0.2580941005546038,0.24444444444444444,0.30864197530864196,1.0,0.85546875,False,small
DuelingDoubleDQN,+PER,success_rate,45.5,34.75,-10.749999999999998,-23.62637362637362,626.1111111111111,382.56944444444446,0.6110248447204969,0.322265625,0.28784120548283276,-0.3572187635001125,-0.38181818181818183,-0.22,0.966796875,0.556640625,False,small
DuelingDoubleDQN,+Noisy,success_rate,45.5,39.75,-5.750000000000001,-12.63736263736264,626.1111111111111,890.9027777777778,1.4229148181011537,0.556640625,0.527827099343157,-0.20765619206706784,-0.23636363636363636,-0.12,0.966796875,0.556640625,False,small
DuelingDoubleDQN,+PER+Noisy,success_rate,45.5,56.75,11.25,24.725274725274726,626.1111111111111,425.06944444444446,0.6789041703637977,0.431640625,0.3797922084523455,0.2920668857672158,0.32727272727272727,0.23,0.966796875,0.556640625,False,small
DuelingDoubleDQN,+PER,mean_reward,-30.311252499999995,-55.255770000000005,-24.944517500000007,82.29457855626391,2824.858107768813,1691.089408590944,0.5986457882398329,0.275390625,0.23422867420382065,-0.4031995517074919,-0.41818181818181815,-0.22,0.826171875,0.5625,False,small
DuelingDoubleDQN,+Noisy,mean_reward,-30.311252499999995,-36.8567125,-6.545460000000013,21.59415880290666,2824.858107768813,4176.289569581841,1.4784068474435492,0.6953125,0.7347713795658883,-0.11051337903229531,-0.16363636363636364,-0.06,0.826171875,0.6953125,False,negligible
DuelingDoubleDQN,+PER+Noisy,mean_reward,-30.311252499999995,-3.511469999999999,26.799782499999992,-88.41529230769991,2824.858107768813,1910.3622882592779,0.6762684054839693,0.375,0.32137403763673744,0.33183588209046583,0.34545454545454546,0.26,0.826171875,0.5625,False,small
DuelingDoubleDQN,+PER,optimality_ratio,1.9391663443935925,2.2238060028949542,0.28463965850136175,14.678454962066342,2.1587710406032445,2.582335099153427,1.1962061055033526,0.6120898800892568,0.5437559113071351,0.19952674235989093,0.21428571428571427,0.14,1.0,0.625,False,negligible
DuelingDoubleDQN,+Noisy,optimality_ratio,1.9391663443935925,1.0321705512422361,-1.102844987945407,-56.872118842918745,2.1587710406032445,0.0028084949754875353,0.0013009693583358117,0.49896229860376107,0.0961363268747752,-0.6793054200605206,-0.2857142857142857,-0.0625,1.0,0.625,False,medium
DuelingDoubleDQN,+PER+Noisy,optimality_ratio,1.9391663443935925,1.1025336643826762,-0.8366326800109165,-43.143935662339715,2.1587710406032445,0.008622197003976031,0.00399403032642436,0.625,0.10181256870772484,-0.576102873045549,-0.2,0.2,1.0,0.625,False,medium
DuelingDoubleDQN,+PER,mean_steps,39.96249999999999,44.435,4.472500000000001,11.191742258367224,151.7153125,93.52627777777776,0.6164590523964267,0.322265625,0.33879736244500697,0.3194453339234433,0.38181818181818183,0.18,0.966796875,0.4833984375,False,small
DuelingDoubleDQN,+Noisy,mean_steps,39.96249999999999,41.00750000000001,1.045000000000001,2.614951517047235,151.7153125,197.0630625,1.2989002840435107,0.6953125,0.8121719040970707,0.07738288489317328,0.16363636363636364,0.0,0.966796875,0.6953125,False,negligible
DuelingDoubleDQN,+PER+Noisy,mean_steps,39.96249999999999,32.9225,-7.040000000000001,-17.61651548326557,151.7153125,83.65992361111113,0.551427026267445,0.322265625,0.21753033730271576,-0.41929341209059506,-0.38181818181818183,-0.26,0.966796875,0.4833984375,False,small
DuelingDoubleDQN,+PER,revisit_rate,30.222500000000004,37.6,7.3774999999999995,24.410621225907846,176.2777013888889,110.36500000000002,0.62608599460077,0.232421875,0.17940613494537008,0.4603883652979574,0.45454545454545453,0.3,0.697265625,0.6474609375,False,small
DuelingDoubleDQN,+Noisy,revisit_rate,30.222500000000004,30.3225,0.09999999999999964,0.3308793117710303,176.2777013888889,236.1910347222222,1.3398803868060296,0.845703125,0.982466664789347,0.0071450422032380495,0.09090909090909091,0.02,0.86328125,0.845703125,False,negligible
DuelingDoubleDQN,+PER+Noisy,revisit_rate,30.222500000000004,23.395000000000003,-6.827499999999999,-22.59078501116717,176.2777013888889,111.8565,0.6345470761116387,0.431640625,0.29372954788860967,-0.3525999391166396,-0.3090909090909091,-0.36,0.86328125,0.6474609375,False,small
DuelingDoubleDQN,+PER,excess_cost,37.6482871853547,44.36906962365591,6.720782438301219,17.851495886685715,3678.586605920102,3162.7749988591077,0.8597799474855703,0.8657723749926214,0.6794366702789684,0.13501837381328857,0.07142857142857142,0.14,1.0,0.8657723749926213,False,negligible
DuelingDoubleDQN,+Noisy,excess_cost,37.6482871853547,2.3921519151138715,-40.81538097962298,-108.41231841086329,3678.586605920102,15.206562816519963,0.0041338058459864475,0.49896229860376107,0.1373655747419899,-0.5930484991921375,-0.2857142857142857,-0.0625,1.0,0.8657723749926213,False,medium
DuelingDoubleDQN,+PER+Noisy,excess_cost,37.6482871853547,6.772931279896573,-30.87535590545812,-82.00998827237149,3678.586605920102,50.320692676974886,0.013679355162113544,0.625,0.14628775412756642,-0.5028166379334748,-0.2,0.2,1.0,0.8657723749926213,False,medium
DuelingDoubleDQN,+PER,route_risk,0.8257410358821318,0.8050354256142838,-0.020705610267847913,-2.5075186248589785,0.34094627111646036,0.39569367866947486,1.1605748828803406,0.322265625,0.9262900880596245,-0.030085160393489276,-0.38181818181818183,-0.04,0.966796875,0.6474609375,False,negligible
DuelingDoubleDQN,+Noisy,route_risk,0.8257410358821318,0.5778475458258706,-0.33725266207027227,-40.84242485417819,0.34094627111646036,0.010596823578730943,0.03108062611751305,0.7421875,0.19774593232660587,-0.5030962967870162,-0.16666666666666666,-0.21875,0.966796875,0.7421875,False,medium
DuelingDoubleDQN,+PER+Noisy,route_risk,0.8257410358821318,0.5790273522947641,-0.24671368358736764,-29.877851876866654,0.34094627111646036,0.016285794604768353,0.04776645467169651,0.431640625,0.25554850232896076,-0.38398162875710634,-0.3090909090909091,-0.18,0.966796875,0.6474609375,False,small
DuelingDoubleDQN,+PER,route_difficulty,2.2392401168594698,2.08801092919955,-0.15122918765991983,-6.753594066187886,2.5253500215394546,2.644788013210763,1.0472956186875428,0.4921875,0.7815938364163689,-0.0903380062322981,-0.2727272727272727,-0.08,1.0,0.640625,False,negligible
DuelingDoubleDQN,+Noisy,route_difficulty,2.2392401168594698,1.565175211893818,-0.9394618907022582,-41.95449534996058,2.5253500215394546,0.06862446836708644,0.027174240315903982,0.640625,0.19111741282635844,-0.5116346893174182,-0.2222222222222222,-0.15625,1.0,0.640625,False,medium
DuelingDoubleDQN,+PER+Noisy,route_difficulty,2.2392401168594698,1.534696991165697,-0.7045431256937725,-31.463491583113157,2.5253500215394546,0.1163117140003398,0.04605766052558374,0.375,0.23918642630103004,-0.39860568631604426,-0.34545454545454546,-0.16,1.0,0.640625,False,small
