agent,condition,seed,success_rate,cte_all,cte_success,cte_fail,collision_rate_all,collision_rate_success,collision_rate_fail,collisions_per_ep_all,n_eval,n_success,n_fail_timeout,n_fail_other
DQN,clean,0,23.333333333333332,1.6361366666666666,0.0,2.1340913043478262,0.0,0.0,0.0,0.0,30,7,23,0
DQN,clean,1,13.333333333333334,26.520493333333334,0.0,30.600569230769228,6.666666666666667,0.0,7.6923076923076925,0.06666666666666667,30,4,26,0
DQN,clean,2,0.0,99.80008999999998,,99.80008999999998,0.0,,0.0,0.0,30,0,30,0
DQN,clean,3,30.0,8.64938,0.0,12.356257142857142,0.0,0.0,0.0,0.0,30,9,21,0
DQN,clean,4,30.0,2.7807600000000003,0.0,3.9725142857142854,0.0,0.0,0.0,0.0,30,9,21,0
DQN,clean,5,6.666666666666667,30.177470000000003,0.0,32.33300357142857,10.0,0.0,10.714285714285714,0.1,30,2,28,0
DQN,clean,6,16.666666666666664,35.67084333333334,0.0,42.805012000000005,0.0,0.0,0.0,0.0,30,5,25,0
DQN,clean,7,26.666666666666668,2.42039,0.0,3.300531818181818,0.0,0.0,0.0,0.0,30,8,22,0
DQN,clean,8,16.666666666666664,23.098593333333334,0.0,27.718312000000005,0.0,0.0,0.0,0.0,30,5,25,0
DQN,clean,9,10.0,13.000589999999999,4.5762,13.936633333333331,0.0,0.0,0.0,0.0,30,3,27,0
DQN,clean,10,0.0,113.00638333333335,,113.00638333333335,0.0,,0.0,0.0,30,0,30,0
DQN,clean,11,33.33333333333333,25.485556666666664,0.0,38.228335,0.0,0.0,0.0,0.0,30,10,20,0
DQN,clean,12,36.666666666666664,4.355713333333333,0.0,6.8774421052631585,0.0,0.0,0.0,0.0,30,11,19,0
DQN,clean,13,56.666666666666664,1.8493266666666666,0.0,4.267676923076923,63.33333333333333,70.58823529411765,53.84615384615385,0.6333333333333333,30,17,13,0
DQN,clean,14,0.0,43.71959666666667,,43.71959666666667,3.3333333333333335,,3.3333333333333335,0.03333333333333333,30,0,30,0
DQN,harsh,0,46.666666666666664,30.32143333333333,15.253614285714287,43.505775,66.66666666666666,64.28571428571429,68.75,1.6666666666666667,30,14,16,0
DQN,harsh,1,40.0,25.479533333333336,15.372758333333335,32.21738333333334,43.333333333333336,25.0,55.55555555555556,0.9,30,12,18,0
DQN,harsh,2,10.0,44.08935999999999,40.953466666666664,44.437792592592594,30.0,66.66666666666666,25.925925925925924,0.6,30,3,27,0
DQN,harsh,3,26.666666666666668,19.065420000000007,15.7859375,20.257959090909093,33.33333333333333,25.0,36.36363636363637,1.2,30,8,22,0
DQN,harsh,4,60.0,20.054970000000004,17.482861111111113,23.91313333333333,36.666666666666664,33.33333333333333,41.66666666666667,0.5666666666666667,30,18,12,0
DQN,harsh,5,36.666666666666664,27.309263333333334,17.52698181818182,32.972689473684206,53.333333333333336,45.45454545454545,57.89473684210527,1.4333333333333333,30,11,19,0
DQN,harsh,6,3.3333333333333335,78.29467333333334,17.0713,80.40582413793103,53.333333333333336,100.0,51.724137931034484,1.1333333333333333,30,1,29,0
DQN,harsh,7,56.666666666666664,20.623753333333337,17.269052941176472,25.01066923076923,50.0,52.94117647058824,46.15384615384615,1.9,30,17,13,0
DQN,harsh,8,33.33333333333333,35.322320000000005,15.318519999999998,45.324220000000004,33.33333333333333,30.0,35.0,1.1333333333333333,30,10,20,0
DQN,harsh,9,20.0,32.343063333333326,15.253366666666665,36.6154875,26.666666666666668,50.0,20.833333333333336,0.9,30,6,24,0
DQN,harsh,10,40.0,40.696503333333325,13.408991666666665,58.88817777777778,53.333333333333336,58.333333333333336,50.0,1.2666666666666666,30,12,18,0
DQN,harsh,11,33.33333333333333,26.10311,18.64111,29.834110000000003,20.0,0.0,30.0,1.1666666666666667,30,10,20,0
DQN,harsh,12,23.333333333333332,33.12593333333333,13.150314285714288,39.20546956521739,30.0,14.285714285714285,34.78260869565217,1.6666666666666667,30,7,23,0
DQN,harsh,13,30.0,23.631216666666663,19.78516666666667,25.27952380952381,66.66666666666666,66.66666666666666,66.66666666666666,2.966666666666667,30,9,21,0
DQN,harsh,14,20.0,23.40987333333333,15.292233333333334,25.439283333333332,40.0,66.66666666666666,33.33333333333333,0.7333333333333333,30,6,24,0
DQN,mid,0,23.333333333333332,26.574926666666666,6.2046,32.77459130434782,20.0,42.857142857142854,13.043478260869565,0.4,30,7,23,0
DQN,mid,1,36.666666666666664,21.124839999999995,9.401154545454546,27.912236842105255,40.0,27.27272727272727,47.368421052631575,0.7,30,11,19,0
DQN,mid,2,0.0,113.19717666666665,,113.19717666666665,26.666666666666668,,26.666666666666668,0.4,30,0,30,0
DQN,mid,3,3.3333333333333335,25.775323333333333,13.6404,26.193768965517243,13.333333333333334,0.0,13.793103448275861,0.16666666666666666,30,1,29,0
DQN,mid,4,33.33333333333333,9.51206,5.971030000000001,11.282575,3.3333333333333335,10.0,0.0,0.03333333333333333,30,10,20,0
DQN,mid,5,13.333333333333334,46.720726666666664,6.9929749999999995,52.83268846153846,26.666666666666668,25.0,26.923076923076923,0.6333333333333333,30,4,26,0
DQN,mid,6,0.0,34.06914,,34.06914,20.0,,20.0,0.43333333333333335,30,0,30,0
DQN,mid,7,26.666666666666668,35.354780000000005,5.4717625000000005,46.22133181818182,36.666666666666664,37.5,36.36363636363637,0.5,30,8,22,0
DQN,mid,8,26.666666666666668,43.17413666666667,8.903525,55.63617727272728,30.0,0.0,40.909090909090914,1.9333333333333333,30,8,22,0
DQN,mid,9,20.0,52.58768333333334,5.707783333333334,64.30765833333334,23.333333333333332,16.666666666666664,25.0,0.3333333333333333,30,6,24,0
DQN,mid,10,0.0,84.08547000000002,,84.08547000000002,20.0,,20.0,0.36666666666666664,30,0,30,0
DQN,mid,11,36.666666666666664,18.525790000000004,5.867354545454545,25.854357894736843,40.0,9.090909090909092,57.89473684210527,1.8333333333333333,30,11,19,0
DQN,mid,12,20.0,25.43477333333334,6.1429,30.257741666666664,6.666666666666667,0.0,8.333333333333332,0.06666666666666667,30,6,24,0
DQN,mid,13,13.333333333333334,29.59299,7.26935,33.027396153846155,36.666666666666664,0.0,42.30769230769231,0.9,30,4,26,0
DQN,mid,14,33.33333333333333,22.866933333333336,5.88246,31.35917,33.33333333333333,50.0,25.0,0.3333333333333333,30,10,20,0
DoubleDQN,clean,0,50.0,45.66480666666667,0.0,91.32961333333334,16.666666666666664,33.33333333333333,0.0,0.16666666666666666,30,15,15,0
DoubleDQN,clean,1,16.666666666666664,48.300493333333335,0.0,57.960592,20.0,0.0,24.0,0.2,30,5,25,0
DoubleDQN,clean,2,16.666666666666664,22.582006666666665,0.0,27.098408,0.0,0.0,0.0,0.0,30,5,25,0
DoubleDQN,clean,3,16.666666666666664,18.71191333333333,0.0,22.454296,0.0,0.0,0.0,0.0,30,5,25,0
DoubleDQN,clean,4,50.0,1.99026,0.0,3.98052,3.3333333333333335,6.666666666666667,0.0,0.03333333333333333,30,15,15,0
DoubleDQN,clean,5,3.3333333333333335,122.23907,0.0,126.45421034482757,23.333333333333332,0.0,24.137931034482758,0.23333333333333334,30,1,29,0
DoubleDQN,clean,6,16.666666666666664,10.46637,0.0,12.559643999999999,0.0,0.0,0.0,0.0,30,5,25,0
DoubleDQN,clean,7,50.0,0.2878233333333334,0.5756466666666668,0.0,16.666666666666664,33.33333333333333,0.0,0.16666666666666666,30,15,15,0
DoubleDQN,clean,8,16.666666666666664,10.92281,0.0,13.107372,0.0,0.0,0.0,0.0,30,5,25,0
DoubleDQN,clean,9,3.3333333333333335,15.410626666666667,0.0,15.942027586206898,0.0,0.0,0.0,0.0,30,1,29,0
DoubleDQN,clean,10,0.0,10.731670000000001,,10.731670000000001,0.0,,0.0,0.0,30,0,30,0
DoubleDQN,clean,11,13.333333333333334,87.89488,0.0,101.4171692307692,0.0,0.0,0.0,0.0,30,4,26,0
DoubleDQN,clean,12,10.0,7.36112,0.0,8.179022222222223,0.0,0.0,0.0,0.0,30,3,27,0
DoubleDQN,clean,13,26.666666666666668,6.8199466666666675,8.6771875,6.144586363636364,0.0,0.0,0.0,0.0,30,8,22,0
DoubleDQN,clean,14,0.0,25.921873333333334,,25.921873333333334,10.0,,10.0,0.1,30,0,30,0
DoubleDQN,harsh,0,0.0,78.23463666666666,,78.23463666666666,13.333333333333334,,13.333333333333334,0.13333333333333333,30,0,30,0
DoubleDQN,harsh,1,46.666666666666664,30.858346666666662,17.758414285714288,42.3207875,43.333333333333336,21.428571428571427,62.5,0.8666666666666667,30,14,16,0
DoubleDQN,harsh,2,6.666666666666667,31.74542333333334,13.309000000000001,33.062310714285715,23.333333333333332,50.0,21.428571428571427,0.3333333333333333,30,2,28,0
DoubleDQN,harsh,3,26.666666666666668,30.90824666666667,17.225987500000002,35.88361363636364,36.666666666666664,37.5,36.36363636363637,0.6666666666666666,30,8,22,0
DoubleDQN,harsh,4,36.666666666666664,46.13765,16.971090909090908,63.023552631578944,26.666666666666668,27.27272727272727,26.31578947368421,0.5666666666666667,30,11,19,0
DoubleDQN,harsh,5,16.666666666666664,43.96952,32.76392,46.210640000000005,40.0,40.0,40.0,1.0,30,5,25,0
DoubleDQN,harsh,6,13.333333333333334,34.50277333333334,13.33815,37.75886923076923,40.0,50.0,38.46153846153847,0.6,30,4,26,0
DoubleDQN,harsh,7,26.666666666666668,33.91999666666667,29.791087500000003,35.42141818181819,53.333333333333336,75.0,45.45454545454545,1.1666666666666667,30,8,22,0
DoubleDQN,harsh,8,26.666666666666668,35.758273333333335,23.0910625,40.36453181818181,36.666666666666664,12.5,45.45454545454545,1.6333333333333333,30,8,22,0
DoubleDQN,harsh,9,30.0,40.02476333333334,20.633377777777778,48.33535714285714,33.33333333333333,44.44444444444444,28.57142857142857,0.7666666666666667,30,9,21,0
DoubleDQN,harsh,10,3.3333333333333335,77.64707666666666,13.1098,79.87249999999999,23.333333333333332,0.0,24.137931034482758,0.5666666666666667,30,1,29,0
DoubleDQN,harsh,11,16.666666666666664,83.56366333333332,31.642639999999993,93.947868,50.0,60.0,48.0,1.9,30,5,25,0
DoubleDQN,harsh,12,26.666666666666668,18.865253333333328,16.928912500000003,19.56937727272727,36.666666666666664,25.0,40.909090909090914,1.2333333333333334,30,8,22,0
DoubleDQN,harsh,13,40.0,24.51774666666667,24.38959166666667,24.60318333333333,56.666666666666664,66.66666666666666,50.0,2.7333333333333334,30,12,18,0
DoubleDQN,harsh,14,40.0,23.133773333333334,16.023541666666667,27.873927777777777,53.333333333333336,66.66666666666666,44.44444444444444,1.1333333333333333,30,12,18,0
DoubleDQN,mid,0,30.0,27.02619,6.8799222222222225,35.66030476190477,53.333333333333336,44.44444444444444,57.14285714285714,1.0333333333333334,30,9,21,0
DoubleDQN,mid,1,33.33333333333333,34.84959333333334,10.681619999999999,46.93358,36.666666666666664,20.0,45.0,0.8666666666666667,30,10,20,0
DoubleDQN,mid,2,23.333333333333332,69.49474333333333,6.310642857142857,88.72468695652172,16.666666666666664,14.285714285714285,17.391304347826086,0.16666666666666666,30,7,23,0
DoubleDQN,mid,3,30.0,12.035176666666668,7.350833333333333,14.042752380952383,36.666666666666664,22.22222222222222,42.857142857142854,0.43333333333333335,30,9,21,0
DoubleDQN,mid,4,56.666666666666664,10.11972,6.1183235294117635,15.352315384615386,3.3333333333333335,5.88235294117647,0.0,0.03333333333333333,30,17,13,0
DoubleDQN,mid,5,3.3333333333333335,113.43717333333332,6.7068,117.11753103448274,33.33333333333333,0.0,34.48275862068966,1.0666666666666667,30,1,29,0
DoubleDQN,mid,6,13.333333333333334,23.64299,5.831875,26.38316153846154,20.0,25.0,19.230769230769234,0.3,30,4,26,0
DoubleDQN,mid,7,20.0,25.481153333333328,13.634550000000003,28.442804166666665,23.333333333333332,33.33333333333333,20.833333333333336,0.4666666666666667,30,6,24,0
DoubleDQN,mid,8,26.666666666666668,51.86891000000001,6.0129625,68.5438,36.666666666666664,0.0,50.0,2.033333333333333,30,8,22,0
DoubleDQN,mid,9,30.0,43.05147333333333,15.747177777777779,54.753314285714275,36.666666666666664,22.22222222222222,42.857142857142854,0.5333333333333333,30,9,21,0
DoubleDQN,mid,10,0.0,131.2346,,131.2346,20.0,,20.0,0.43333333333333335,30,0,30,0
DoubleDQN,mid,11,23.333333333333332,50.09411,5.102471428571428,63.787217391304345,20.0,28.57142857142857,17.391304347826086,0.5,30,7,23,0
DoubleDQN,mid,12,16.666666666666664,36.286719999999995,7.2903400000000005,42.085995999999994,16.666666666666664,20.0,16.0,0.16666666666666666,30,5,25,0
DoubleDQN,mid,13,16.666666666666664,7.984226666666667,5.564360000000001,8.4682,66.66666666666666,40.0,72.0,0.9,30,5,25,0
DoubleDQN,mid,14,16.666666666666664,12.728689999999997,7.245920000000001,13.825244,23.333333333333332,60.0,16.0,0.23333333333333334,30,5,25,0
DuelingDQN,clean,0,20.0,11.580246666666666,0.0,14.475308333333333,13.333333333333334,0.0,16.666666666666664,0.13333333333333333,30,6,24,0
DuelingDQN,clean,1,20.0,28.959293333333335,0.0,36.19911666666667,6.666666666666667,0.0,8.333333333333332,0.06666666666666667,30,6,24,0
DuelingDQN,clean,2,53.333333333333336,1.11242,0.0,2.3837571428571427,13.333333333333334,25.0,0.0,0.13333333333333333,30,16,14,0
DuelingDQN,clean,3,80.0,0.21840333333333334,0.0,1.0920166666666666,33.33333333333333,37.5,16.666666666666664,0.3333333333333333,30,24,6,0
DuelingDQN,clean,4,30.0,4.9994000000000005,0.0,7.142000000000001,0.0,0.0,0.0,0.0,30,9,21,0
DuelingDQN,clean,5,46.666666666666664,42.948146666666666,0.0,80.52777499999999,46.666666666666664,50.0,43.75,0.4666666666666667,30,14,16,0
DuelingDQN,clean,6,16.666666666666664,5.507953333333333,0.0,6.609544,0.0,0.0,0.0,0.0,30,5,25,0
DuelingDQN,clean,7,30.0,0.9188633333333333,0.0,1.3126619047619048,0.0,0.0,0.0,0.0,30,9,21,0
DuelingDQN,clean,8,23.333333333333332,5.832253333333333,0.0,7.607286956521739,0.0,0.0,0.0,0.0,30,7,23,0
DuelingDQN,clean,9,40.0,5.733103333333333,0.0,9.555172222222222,0.0,0.0,0.0,0.0,30,12,18,0
DuelingDQN,clean,10,20.0,14.783363333333334,0.0,18.479204166666666,23.333333333333332,83.33333333333334,8.333333333333332,0.7,30,6,24,0
DuelingDQN,clean,11,60.0,3.547166666666667,0.0,8.867916666666668,0.0,0.0,0.0,0.0,30,18,12,0
DuelingDQN,clean,12,13.333333333333334,55.62218666666667,0.0,64.17944615384616,0.0,0.0,0.0,0.0,30,4,26,0
DuelingDQN,clean,13,0.0,175.93451000000002,,175.93451000000002,16.666666666666664,,16.666666666666664,0.16666666666666666,30,0,30,0
DuelingDQN,clean,14,30.0,25.93714333333333,0.0,37.053061904761904,0.0,0.0,0.0,0.0,30,9,21,0
DuelingDQN,harsh,0,6.666666666666667,106.26880666666666,18.0686,112.56882142857144,53.333333333333336,50.0,53.57142857142857,1.5333333333333334,30,2,28,0
DuelingDQN,harsh,1,10.0,49.08011333333333,16.591966666666668,52.689907407407404,43.333333333333336,33.33333333333333,44.44444444444444,0.7333333333333333,30,3,27,0
DuelingDQN,harsh,2,20.0,14.702876666666667,13.095033333333333,15.1048375,16.666666666666664,16.666666666666664,16.666666666666664,0.36666666666666664,30,6,24,0
DuelingDQN,harsh,3,16.666666666666664,49.73023,12.52036,57.172204,43.333333333333336,0.0,52.0,1.1,30,5,25,0
DuelingDQN,harsh,4,43.333333333333336,27.970446666666668,15.866938461538464,37.226070588235295,20.0,15.384615384615385,23.52941176470588,0.43333333333333335,30,13,17,0
DuelingDQN,harsh,5,40.0,25.3824,15.714116666666667,31.827922222222224,46.666666666666664,41.66666666666667,50.0,0.8666666666666667,30,12,18,0
DuelingDQN,harsh,6,53.333333333333336,23.621786666666658,15.39270625,33.02645,53.333333333333336,37.5,71.42857142857143,1.6,30,16,14,0
DuelingDQN,harsh,7,23.333333333333332,29.09298333333333,14.157642857142857,33.63852173913043,50.0,71.42857142857143,43.47826086956522,1.5333333333333334,30,7,23,0
DuelingDQN,harsh,8,33.33333333333333,29.826533333333337,20.987900000000003,34.245850000000004,53.333333333333336,30.0,65.0,2.033333333333333,30,10,20,0
DuelingDQN,harsh,9,63.33333333333333,18.29372,15.377963157894735,23.33002727272727,43.333333333333336,36.84210526315789,54.54545454545454,0.9333333333333333,30,19,11,0
DuelingDQN,harsh,10,6.666666666666667,54.09887333333332,13.99925,56.96313214285714,26.666666666666668,100.0,21.428571428571427,0.6666666666666666,30,2,28,0
DuelingDQN,harsh,11,60.0,14.903529999999998,14.557111111111112,15.423158333333335,56.666666666666664,44.44444444444444,75.0,1.7333333333333334,30,18,12,0
DuelingDQN,harsh,12,33.33333333333333,24.895460000000003,17.83805,28.424165,33.33333333333333,40.0,30.0,0.6666666666666666,30,10,20,0
DuelingDQN,harsh,13,16.666666666666664,44.03380666666667,14.504259999999999,49.939716,53.333333333333336,80.0,48.0,2.066666666666667,30,5,25,0
DuelingDQN,harsh,14,63.33333333333333,21.729016666666663,17.58369473684211,28.889118181818176,70.0,73.68421052631578,63.63636363636363,1.2666666666666666,30,19,11,0
DuelingDQN,mid,0,30.0,101.91357666666667,6.522855555555555,142.79531428571428,33.33333333333333,44.44444444444444,28.57142857142857,0.5333333333333333,30,9,21,0
DuelingDQN,mid,1,16.666666666666664,84.15239666666668,9.684000000000001,99.04607600000001,30.0,0.0,36.0,0.43333333333333335,30,5,25,0
DuelingDQN,mid,2,43.333333333333336,29.736143333333338,5.884230769230769,47.975841176470595,13.333333333333334,30.76923076923077,0.0,0.13333333333333333,30,13,17,0
DuelingDQN,mid,3,36.666666666666664,27.697183333333335,7.302954545454545,39.50436842105264,36.666666666666664,27.27272727272727,42.10526315789473,1.2,30,11,19,0
DuelingDQN,mid,4,76.66666666666667,6.317430000000001,5.946660869565218,7.535671428571429,23.333333333333332,26.08695652173913,14.285714285714285,0.3,30,23,7,0
DuelingDQN,mid,5,16.666666666666664,84.50312666666666,5.665299999999999,100.27069199999998,50.0,80.0,44.0,1.0333333333333334,30,5,25,0
DuelingDQN,mid,6,33.33333333333333,20.977,6.06334,28.43383,16.666666666666664,30.0,10.0,0.23333333333333334,30,10,20,0
DuelingDQN,mid,7,26.666666666666668,23.762066666666662,6.316387499999999,30.105949999999993,40.0,25.0,45.45454545454545,1.1333333333333333,30,8,22,0
DuelingDQN,mid,8,43.333333333333336,42.47362,16.434653846153847,62.38577058823529,26.666666666666668,0.0,47.05882352941176,2.533333333333333,30,13,17,0
DuelingDQN,mid,9,63.33333333333333,12.122023333333336,6.117457894736842,22.49354545454546,26.666666666666668,26.31578947368421,27.27272727272727,0.3333333333333333,30,19,11,0
DuelingDQN,mid,10,3.3333333333333335,54.958376666666666,5.9486,56.64836896551724,10.0,100.0,6.896551724137931,0.2,30,1,29,0
DuelingDQN,mid,11,36.666666666666664,17.190823333333334,6.7502818181818185,23.235347368421053,36.666666666666664,0.0,57.89473684210527,1.3,30,11,19,0
DuelingDQN,mid,12,16.666666666666664,18.283993333333335,6.74882,20.591027999999998,16.666666666666664,0.0,20.0,0.2,30,5,25,0
DuelingDQN,mid,13,10.0,24.65047666666667,7.8048,26.52221851851852,40.0,0.0,44.44444444444444,1.2666666666666666,30,3,27,0
DuelingDQN,mid,14,23.333333333333332,50.05445666666666,7.488828571428571,63.00921304347826,23.333333333333332,28.57142857142857,21.73913043478261,0.4666666666666667,30,7,23,0
DuelingDoubleDQN,clean,0,20.0,36.629506666666664,0.0,45.78688333333333,0.0,0.0,0.0,0.0,30,6,24,0
DuelingDoubleDQN,clean,1,20.0,45.30259999999999,0.0,56.62825,6.666666666666667,0.0,8.333333333333332,0.06666666666666667,30,6,24,0
DuelingDoubleDQN,clean,2,6.666666666666667,12.275626666666666,0.0,13.152457142857143,0.0,0.0,0.0,0.0,30,2,28,0
DuelingDoubleDQN,clean,3,26.666666666666668,8.4802,0.0,11.563909090909092,0.0,0.0,0.0,0.0,30,8,22,0
DuelingDoubleDQN,clean,4,26.666666666666668,1.998246666666667,0.0,2.724881818181818,0.0,0.0,0.0,0.0,30,8,22,0
DuelingDoubleDQN,clean,5,40.0,20.817306666666664,0.0,34.69551111111111,33.33333333333333,50.0,22.22222222222222,0.3333333333333333,30,12,18,0
DuelingDoubleDQN,clean,6,23.333333333333332,12.566690000000001,0.0,16.3913347826087,0.0,0.0,0.0,0.0,30,7,23,0
DuelingDoubleDQN,clean,7,20.0,4.292973333333333,0.0,5.366216666666666,0.0,0.0,0.0,0.0,30,6,24,0
DuelingDoubleDQN,clean,8,13.333333333333334,62.16189666666666,1.5592,71.48538846153846,0.0,0.0,0.0,0.0,30,4,26,0
DuelingDoubleDQN,clean,9,13.333333333333334,25.051750000000002,0.0,28.905865384615385,0.0,0.0,0.0,0.0,30,4,26,0
DuelingDoubleDQN,clean,10,0.0,56.16130666666666,,56.16130666666666,0.0,,0.0,0.0,30,0,30,0
DuelingDoubleDQN,clean,11,50.0,4.501813333333333,0.0,9.003626666666666,0.0,0.0,0.0,0.0,30,15,15,0
DuelingDoubleDQN,clean,12,3.3333333333333335,17.64439333333333,0.0,18.252820689655174,0.0,0.0,0.0,0.0,30,1,29,0
DuelingDoubleDQN,clean,13,0.0,90.50872666666666,,90.50872666666666,16.666666666666664,,16.666666666666664,0.16666666666666666,30,0,30,0
DuelingDoubleDQN,clean,14,3.3333333333333335,16.25936,0.0,16.820027586206898,13.333333333333334,0.0,13.793103448275861,0.13333333333333333,30,1,29,0
DuelingDoubleDQN,harsh,0,36.666666666666664,27.92033666666667,16.062463636363635,34.78542105263157,66.66666666666666,54.54545454545454,73.68421052631578,2.6,30,11,19,0
DuelingDoubleDQN,harsh,1,16.666666666666664,46.41868666666666,15.944819999999998,52.513459999999995,53.333333333333336,20.0,60.0,1.6666666666666667,30,5,25,0
DuelingDoubleDQN,harsh,2,3.3333333333333335,48.78377333333334,13.8871,49.98710689655173,16.666666666666664,0.0,17.24137931034483,0.3,30,1,29,0
DuelingDoubleDQN,harsh,3,16.666666666666664,34.51589666666667,15.174479999999999,38.38417999999999,43.333333333333336,0.0,52.0,1.6333333333333333,30,5,25,0
DuelingDoubleDQN,harsh,4,46.666666666666664,22.230546666666665,14.061657142857142,29.378325,43.333333333333336,35.714285714285715,50.0,1.2,30,14,16,0
DuelingDoubleDQN,harsh,5,43.333333333333336,34.24760333333334,17.825369230769233,46.80578235294118,56.666666666666664,61.53846153846154,52.94117647058824,1.3,30,13,17,0
DuelingDoubleDQN,harsh,6,0.0,61.68821666666667,,61.68821666666667,43.333333333333336,,43.333333333333336,1.2,30,0,30,0
DuelingDoubleDQN,harsh,7,43.333333333333336,23.58275666666667,15.159723076923076,30.023899999999998,53.333333333333336,69.23076923076923,41.17647058823529,1.3,30,13,17,0
DuelingDoubleDQN,harsh,8,46.666666666666664,23.988536666666665,17.43684285714286,29.72126875,36.666666666666664,14.285714285714285,56.25,1.6666666666666667,30,14,16,0
DuelingDoubleDQN,harsh,9,70.0,17.736159999999998,15.874609523809525,22.079777777777778,36.666666666666664,38.095238095238095,33.33333333333333,0.7333333333333333,30,21,9,0
DuelingDoubleDQN,harsh,10,10.0,43.94619,13.497133333333332,47.329418518518516,36.666666666666664,66.66666666666666,33.33333333333333,0.5666666666666667,30,3,27,0
DuelingDoubleDQN,harsh,11,40.0,26.23790666666667,15.932400000000001,33.108244444444445,56.666666666666664,25.0,77.77777777777779,3.2666666666666666,30,12,18,0
DuelingDoubleDQN,harsh,12,10.0,72.58471333333334,15.2844,78.95141481481481,26.666666666666668,0.0,29.629629629629626,0.8,30,3,27,0
DuelingDoubleDQN,harsh,13,13.333333333333334,41.31903333333333,14.056475,45.51327307692308,40.0,25.0,42.30769230769231,1.7333333333333334,30,4,26,0
DuelingDoubleDQN,harsh,14,46.666666666666664,14.165926666666667,13.836542857142858,14.454137500000002,76.66666666666667,78.57142857142857,75.0,1.1,30,14,16,0
DuelingDoubleDQN,mid,0,60.0,19.161513333333335,5.924594444444444,39.016891666666666,76.66666666666667,72.22222222222221,83.33333333333334,1.7333333333333334,30,18,12,0
DuelingDoubleDQN,mid,1,0.0,205.32569000000004,,205.32569000000004,70.0,,70.0,1.1333333333333333,30,0,30,0
DuelingDoubleDQN,mid,2,30.0,20.880640000000003,5.5215555555555556,27.46310476190476,30.0,0.0,42.857142857142854,0.3333333333333333,30,9,21,0
DuelingDoubleDQN,mid,3,10.0,53.37604333333334,7.9515,58.42321481481481,20.0,33.33333333333333,18.51851851851852,0.5666666666666667,30,3,27,0
DuelingDoubleDQN,mid,4,30.0,7.388920000000001,5.870122222222222,8.039833333333334,13.333333333333334,0.0,19.047619047619047,0.13333333333333333,30,9,21,0
DuelingDoubleDQN,mid,5,36.666666666666664,83.58443666666666,6.590463636363637,128.1598947368421,46.666666666666664,63.63636363636363,36.84210526315789,0.6,30,11,19,0
DuelingDoubleDQN,mid,6,36.666666666666664,17.97094,18.498763636363638,17.665357894736843,23.333333333333332,45.45454545454545,10.526315789473683,0.3333333333333333,30,11,19,0
DuelingDoubleDQN,mid,7,30.0,7.048963333333333,6.183933333333333,7.4196904761904765,20.0,33.33333333333333,14.285714285714285,0.4666666666666667,30,9,21,0
DuelingDoubleDQN,mid,8,66.66666666666666,14.572650000000003,7.0894449999999996,29.53906,26.666666666666668,25.0,30.0,0.7666666666666667,30,20,10,0
DuelingDoubleDQN,mid,9,66.66666666666666,24.279239999999998,6.18875,60.46021999999999,33.33333333333333,30.0,40.0,0.43333333333333335,30,20,10,0
DuelingDoubleDQN,mid,10,0.0,71.95982666666667,,71.95982666666667,6.666666666666667,,6.666666666666667,0.1,30,0,30,0
DuelingDoubleDQN,mid,11,40.0,35.443396666666665,5.788150000000001,55.21356111111112,40.0,16.666666666666664,55.55555555555556,1.3666666666666667,30,12,18,0
DuelingDoubleDQN,mid,12,33.33333333333333,7.114716666666667,6.257960000000001,7.543095000000001,20.0,20.0,20.0,0.3,30,10,20,0
DuelingDoubleDQN,mid,13,33.33333333333333,12.07255,6.4316,14.893024999999998,43.333333333333336,50.0,40.0,0.7666666666666667,30,10,20,0
DuelingDoubleDQN,mid,14,33.33333333333333,11.209480000000003,7.36935,13.129544999999998,23.333333333333332,50.0,10.0,0.3,30,10,20,0
RuleBased,clean,0,40.0,32.20099333333334,0.0,53.66832222222222,0.0,0.0,0.0,0.0,30,12,18,0
RuleBased,clean,1,20.0,2.2753,0.0,2.844125,0.0,0.0,0.0,0.0,30,6,24,0
RuleBased,clean,2,46.666666666666664,5.325943333333332,0.0,9.98614375,0.0,0.0,0.0,0.0,30,14,16,0
RuleBased,clean,3,40.0,19.20681,0.0,32.01135,0.0,0.0,0.0,0.0,30,12,18,0
RuleBased,clean,4,53.333333333333336,6.5111566666666665,0.0,13.952478571428571,0.0,0.0,0.0,0.0,30,16,14,0
RuleBased,clean,5,40.0,5.1049266666666675,0.0,8.508211111111113,0.0,0.0,0.0,0.0,30,12,18,0
RuleBased,clean,6,76.66666666666667,18.219176666666666,0.0,78.08218571428571,0.0,0.0,0.0,0.0,30,23,7,0
RuleBased,clean,7,60.0,1.9878733333333334,0.0,4.969683333333333,0.0,0.0,0.0,0.0,30,18,12,0
RuleBased,clean,8,100.0,0.0,0.0,,0.0,0.0,,0.0,30,30,0,0
RuleBased,clean,9,33.33333333333333,9.472116666666667,0.0,14.208175,0.0,0.0,0.0,0.0,30,10,20,0
RuleBased,clean,10,16.666666666666664,27.375443333333333,0.0,32.850532,0.0,0.0,0.0,0.0,30,5,25,0
RuleBased,clean,11,46.666666666666664,9.325776666666666,0.0,17.48583125,0.0,0.0,0.0,0.0,30,14,16,0
RuleBased,clean,12,50.0,5.498506666666667,0.0,10.997013333333333,0.0,0.0,0.0,0.0,30,15,15,0
RuleBased,clean,13,63.33333333333333,15.907956666666667,0.0,43.38533636363636,0.0,0.0,0.0,0.0,30,19,11,0
RuleBased,clean,14,23.333333333333332,6.593273333333333,0.0,8.599921739130435,0.0,0.0,0.0,0.0,30,7,23,0
RuleBased,harsh,0,40.0,43.217916666666675,13.393608333333333,63.10078888888889,43.333333333333336,58.333333333333336,33.33333333333333,0.8,30,12,18,0
RuleBased,harsh,1,20.0,15.035673333333332,12.947966666666666,15.557599999999999,30.0,0.0,37.5,1.2,30,6,24,0
RuleBased,harsh,2,46.666666666666664,16.81524666666667,12.721907142857145,20.396918749999998,30.0,28.57142857142857,31.25,0.8,30,14,16,0
RuleBased,harsh,3,40.0,26.716486666666672,12.823983333333333,35.97815555555555,56.666666666666664,66.66666666666666,50.0,0.6333333333333333,30,12,18,0
RuleBased,harsh,4,53.333333333333336,19.006839999999997,13.4355875,25.373985714285716,6.666666666666667,6.25,7.142857142857142,0.06666666666666667,30,16,14,0
RuleBased,harsh,5,40.0,17.460786666666664,12.581366666666666,20.713733333333334,10.0,16.666666666666664,5.555555555555555,0.1,30,12,18,0
RuleBased,harsh,6,76.66666666666667,29.676156666666664,13.167308695652173,83.91951428571427,50.0,52.17391304347826,42.857142857142854,0.7333333333333333,30,23,7,0
RuleBased,harsh,7,60.0,14.709836666666668,13.288961111111112,16.84115,36.666666666666664,16.666666666666664,66.66666666666666,0.43333333333333335,30,18,12,0
RuleBased,harsh,8,100.0,13.412706666666667,13.412706666666667,,40.0,40.0,,0.7333333333333333,30,30,0,0
RuleBased,harsh,9,33.33333333333333,21.411476666666665,13.789240000000001,25.222594999999995,43.333333333333336,30.0,50.0,0.4666666666666667,30,10,20,0
RuleBased,harsh,10,16.666666666666664,36.79740666666667,12.83326,41.590236,3.3333333333333335,0.0,4.0,0.03333333333333333,30,5,25,0
RuleBased,harsh,11,46.666666666666664,23.645533333333336,13.305635714285712,32.69294375,30.0,57.14285714285714,6.25,0.5333333333333333,30,14,16,0
RuleBased,harsh,12,50.0,17.32658666666667,13.3755,21.277673333333333,46.666666666666664,46.666666666666664,46.666666666666664,0.5,30,15,15,0
RuleBased,harsh,13,63.33333333333333,28.70292999999999,13.636205263157894,54.72727272727272,60.0,84.21052631578947,18.181818181818183,0.6666666666666666,30,19,11,0
RuleBased,harsh,14,23.333333333333332,18.575883333333334,12.673885714285714,20.37214347826087,26.666666666666668,14.285714285714285,30.434782608695656,0.3,30,7,23,0
RuleBased,mid,0,40.0,37.079073333333326,5.9546166666666664,57.8287111111111,43.333333333333336,66.66666666666666,27.77777777777778,0.7,30,12,18,0
RuleBased,mid,1,20.0,8.00454,5.754650000000001,8.567012499999999,30.0,0.0,37.5,0.8,30,6,24,0
RuleBased,mid,2,46.666666666666664,10.398733333333332,5.660114285714286,14.545025,30.0,35.714285714285715,25.0,0.4,30,14,16,0
RuleBased,mid,3,40.0,22.615006666666666,5.709158333333335,33.88557222222222,53.333333333333336,58.333333333333336,50.0,0.5333333333333333,30,12,18,0
RuleBased,mid,4,53.333333333333336,12.049726666666668,5.9770625,18.98991428571429,3.3333333333333335,6.25,0.0,0.03333333333333333,30,16,14,0
RuleBased,mid,5,40.0,10.62686,5.717583333333334,13.899711111111111,13.333333333333334,25.0,5.555555555555555,0.13333333333333333,30,12,18,0
RuleBased,mid,6,76.66666666666667,23.273523333333333,5.883330434782608,80.41272857142857,50.0,52.17391304347826,42.857142857142854,0.7666666666666667,30,23,7,0
RuleBased,mid,7,60.0,7.669380000000001,5.9419055555555556,10.260591666666668,36.666666666666664,11.11111111111111,75.0,0.4666666666666667,30,18,12,0
RuleBased,mid,8,100.0,5.990883333333333,5.990883333333333,,33.33333333333333,33.33333333333333,,0.5666666666666667,30,30,0,0
RuleBased,mid,9,33.33333333333333,14.737706666666666,6.128559999999999,19.042279999999998,23.333333333333332,20.0,25.0,0.23333333333333334,30,10,20,0
RuleBased,mid,10,16.666666666666664,31.407246666666666,5.77758,36.533179999999994,6.666666666666667,0.0,8.0,0.06666666666666667,30,5,25,0
RuleBased,mid,11,46.666666666666664,16.754409999999996,5.9210642857142854,26.2335875,30.0,57.14285714285714,6.25,0.4666666666666667,30,14,16,0
RuleBased,mid,12,50.0,10.705626666666666,5.964780000000001,15.446473333333332,43.333333333333336,40.0,46.666666666666664,0.43333333333333335,30,15,15,0
RuleBased,mid,13,63.33333333333333,21.604043333333337,6.099394736842106,48.3848,46.666666666666664,73.68421052631578,0.0,0.5333333333333333,30,19,11,0
RuleBased,mid,14,23.333333333333332,11.879153333333337,5.638142857142857,13.77859130434783,20.0,0.0,26.08695652173913,0.2,30,7,23,0
