study,metric,term,coef,se,z,p_value
core,success_rate,Intercept,17.60416666666667,4.940395309230365,3.5633113475304303,0.0003662059018680974
core,success_rate,C(algorithm)[T.DoubleDQN],-0.8333333333333353,3.5223881068479868,-0.23658191773735138,0.8129811495651061
core,success_rate,C(algorithm)[T.DuelingDQN],2.4999999999999982,3.5223881068479863,0.7097457532120521,0.4778618140724544
core,success_rate,C(algorithm)[T.DuelingDoubleDQN],-0.8333333333333348,3.5223881068479863,-0.2365819177373513,0.8129811495651063
core,success_rate,C(condition)[T.mid],2.499999999999997,3.050477582518532,0.8195438033463435,0.4124762210772659
core,success_rate,C(condition)[T.harsh],11.77083333333333,3.0504775825185315,3.8586854074223713,0.00011399856725678323
core,collision_rate,Intercept,6.70138888888889,5.603354876633662,1.1959601054065125,0.2317121278145723
core,collision_rate,C(algorithm)[T.DoubleDQN],3.4722222222222165,5.564104204365658,0.6240397545929985,0.5326014772813286
core,collision_rate,C(algorithm)[T.DuelingDQN],2.361111111111107,5.564104204365658,0.42434703312323896,0.6713127429960177
core,collision_rate,C(algorithm)[T.DuelingDoubleDQN],3.6111111111111054,5.564104204365657,0.6490013447767186,0.5163375069854688
core,collision_rate,C(condition)[T.mid],42.1875,4.818655590284462,8.7550353432729,2.0403953579883687e-18
core,collision_rate,C(condition)[T.harsh],52.708333333333336,4.818655590284463,10.938389836286634,7.552937421992281e-28
core,iala_violations,Intercept,0.09166666666665634,2.747151233880926,0.033367899639496,0.9733812077776137
core,iala_violations,C(algorithm)[T.DoubleDQN],-1.8263888888888877,2.4905055117522092,-0.7333406331648394,0.4633506980935188
core,iala_violations,C(algorithm)[T.DuelingDQN],1.7625000000000022,2.490505511752209,0.7076876528412039,0.47913924667477314
core,iala_violations,C(algorithm)[T.DuelingDoubleDQN],-0.3027777777777757,2.490505511752209,-0.12157281979462665,0.9032373404472982
core,iala_violations,C(condition)[T.mid],2.2760416666666696,2.1568410414425756,1.0552663005449712,0.2913035489996699
core,iala_violations,C(condition)[T.harsh],22.711458333333336,2.1568410414425756,10.529963913401364,6.285857360402118e-26
multi,success_rate,Intercept,31.944444444444414,6.394337141680354,4.995739782974566,5.861064791747596e-07
multi,success_rate,C(pairing)[T.DQN_vs_RuleBased],24.074074074074083,4.576095967765554,5.260832430887398,1.4340468073846128e-07
multi,success_rate,C(pairing)[T.RuleBased_vs_RuleBased],50.37037037037038,4.576095967765554,11.007280163087477,3.5248443679952437e-28
multi,success_rate,C(condition)[T.mid],0.555555555555553,4.576095967765555,0.12140382532817011,0.9033711871200272
multi,success_rate,C(condition)[T.harsh],3.333333333333335,4.576095967765555,0.7284229519690243,0.46635471751284474
multi,vessel_collisions_per_ep,Intercept,1.0518518518518527,0.28047440113594635,3.7502597299138847,0.00017665150027967974
multi,vessel_collisions_per_ep,C(pairing)[T.DQN_vs_RuleBased],-0.8333333333333338,0.2738334460973334,-3.043212380408519,0.002340670747574616
multi,vessel_collisions_per_ep,C(pairing)[T.RuleBased_vs_RuleBased],-0.1722222222222226,0.2738334460973334,-0.6289305586177616,0.5293945189475457
multi,vessel_collisions_per_ep,C(condition)[T.mid],0.3981481481481477,0.2738334460973334,1.453979248417401,0.14595205957786228
multi,vessel_collisions_per_ep,C(condition)[T.harsh],0.5185185185185179,0.2738334460973334,1.8935543700319641,0.0582841850140881
multi,near_misses_per_ep,Intercept,0.49382716049382774,0.06093588257799182,8.104045426137523,5.316124185011274e-16
multi,near_misses_per_ep,C(pairing)[T.DQN_vs_RuleBased],-0.04814814814814857,0.06477119093727475,-0.7433574626530467,0.45726529045588016
multi,near_misses_per_ep,C(pairing)[T.RuleBased_vs_RuleBased],-0.4333333333333338,0.06477119093727475,-6.690217163877368,2.2283965753955852e-11
multi,near_misses_per_ep,C(condition)[T.mid],-0.02037037037037071,0.06477119093727475,-0.3144973880455222,0.7531432999415768
multi,near_misses_per_ep,C(condition)[T.harsh],-4.0841815526256957e-16,0.06477119093727475,-6.3055526593310124e-15,0.999999999999995
ops_twophase,full_success_rate,Intercept,16.851851851851848,6.270835587988969,2.687337535069416,0.007202413023061929
ops_twophase,full_success_rate,C(agent)[T.RuleBased],82.96296296296295,5.416640704071069,15.316312728774715,5.949838375965175e-53
ops_twophase,full_success_rate,C(condition)[T.mid],1.111111111111111,6.634002922481968,0.16748728092139775,0.866986654527383
ops_twophase,full_success_rate,C(condition)[T.harsh],-0.555555555555556,6.634002922481969,-0.08374364046069895,0.9332602589162229
ops_twophase,collisions_per_ep,Intercept,-0.010185185185184638,0.18829868764204835,-0.05409057977369683,0.9568629975129528
ops_twophase,collisions_per_ep,C(agent)[T.RuleBased],0.02037037037037018,0.14909286837751706,0.13662873745771997,0.8913242603015815
ops_twophase,collisions_per_ep,C(condition)[T.mid],1.3277777777777775,0.18260072590642532,7.27148137657571,3.555664033320516e-13
ops_twophase,collisions_per_ep,C(condition)[T.harsh],1.7916666666666663,0.1826007259064253,9.811936167136682,1.0003052768311157e-22
ops_twoway,success_rate,Intercept,87.4537037037037,3.2985103498787796,26.513090585547996,6.847308826757655e-155
ops_twoway,success_rate,C(pairing)[T.RuleBased_vs_RuleBased],15.37037037037041,3.298509155191441,4.65979315115114,3.165273052726606e-06
ops_twoway,success_rate,C(condition)[T.mid],-3.19444444444447,4.039832171058921,-0.7907369190555116,0.42909752731539474
ops_twoway,success_rate,C(condition)[T.harsh],-5.277777777777803,4.039832171058921,-1.3064349097438845,0.19140470063576276
ops_twoway,head_on_events_per_ep,Intercept,0.84537037037037,0.04234765593660709,19.9626248885147,1.1643290777849658e-88
ops_twoway,head_on_events_per_ep,C(pairing)[T.RuleBased_vs_RuleBased],0.15370370370370368,0.04141327016760757,3.7114601933543248,0.0002060670775613562
ops_twoway,head_on_events_per_ep,C(condition)[T.mid],0.050000000000000405,0.05072069024533166,0.9857910008352542,0.3242356826980495
ops_twoway,head_on_events_per_ep,C(condition)[T.harsh],-0.04722222222222192,0.05072069024533166,-0.931024834122171,0.3518407181327694
ops_twoway,vessel_collisions_per_ep,Intercept,1.0120370370370375,0.015699837936037995,64.46162318108837,0.0
ops_twoway,vessel_collisions_per_ep,C(pairing)[T.RuleBased_vs_RuleBased],-0.02407407407407428,0.015699837912300837,-1.5333963451439343,0.12517822872512727
ops_twoway,vessel_collisions_per_ep,C(condition)[T.mid],0.00555555555555506,0.019228295964769687,0.28892604761930096,0.7726379702680397
ops_twoway,vessel_collisions_per_ep,C(condition)[T.harsh],0.03055555555555497,0.019228295964769687,1.589093261906267,0.1120393388099032
