algorithm,noise_std,packet_error_rate,n_seeds,success_rate_mean,success_rate_sd,success_rate_ci95_hw,cte_all_mean,cte_all_sd,cte_all_ci95_hw,cte_success_mean,cte_success_sd,cte_success_ci95_hw,cte_fail_mean,cte_fail_sd,cte_fail_ci95_hw,collision_rate_all_mean,collision_rate_all_sd,collision_rate_all_ci95_hw,collision_rate_success_mean,collision_rate_success_sd,collision_rate_success_ci95_hw,collision_rate_fail_mean,collision_rate_fail_sd,collision_rate_fail_ci95_hw,collisions_per_ep_all_mean,collisions_per_ep_all_sd,collisions_per_ep_all_ci95_hw
DQN,0.0,0.0,6,17.22222222222222,12.546210878484683,13.166440841532532,28.260721666666665,37.06018142233405,38.8922752056084,0.0,0.0,0.0,30.199420922519508,36.44957635665485,38.25148448778362,2.777777777777778,4.430533786083752,4.6495600588795805,0.0,0.0,0.0,3.0677655677655675,4.847688160925268,5.087336727176797,0.02777777777777778,0.044305337860837526,0.04649560058879581
DQN,0.0,0.2,6,12.222222222222221,18.216801361705954,19.117360593879923,45.91728166666667,29.105850505779895,30.54471685024998,3.0453636507936506,0.01888032768037207,0.046901334000434676,49.81530751388889,30.165140160999634,31.656373167410706,16.666666666666664,10.95445115010332,11.495991452417979,26.825396825396822,17.368445162914643,43.14560962312919,15.703703703703704,11.29769268843442,11.856201355835358,0.22777777777777777,0.18186278914080822,0.1908532924952525
DQN,0.0,0.4,6,13.888888888888888,15.408030614176733,16.169736467125475,35.10149444444445,22.384975576651378,23.49159116833912,5.969600101010102,0.3605678984168417,0.4477041783721852,42.56113449377755,35.10385917800764,36.83924091929097,22.777777777777775,21.230655683250593,22.2802067323634,14.545454545454547,32.52462512726967,40.38465607560435,22.19831187163311,18.788048958587098,19.716848181251933,0.35555555555555557,0.4801234409175608,0.5038586504483822
DQN,0.1,0.0,6,40.55555555555555,30.215276979749216,31.708988531877523,26.934102777777778,31.748946556112333,33.31847604513715,3.7743969444444443,1.1700414142802162,1.2278831602999611,35.47382690552871,36.91727727654383,38.74230650192725,25.555555555555554,30.59895907210401,32.111638193984504,30.47619047619047,35.19946402395491,36.93957205197479,9.856414385399892,14.014991875438847,14.707831966938187,0.4166666666666667,0.5106640556939345,0.5359090600590426
DQN,0.1,0.2,6,18.333333333333332,15.311578770474469,16.068516464810642,40.484175555555545,37.60305427444281,39.46198532454332,8.44203190909091,3.207595086217249,3.9827553393712645,44.032172873362576,36.43782957209918,38.23915699341672,21.666666666666668,12.605113600792693,13.228255457609455,21.025974025974026,16.545984619126184,20.54455341640224,21.2991243919201,16.236972155165635,17.039657263629525,0.3888888888888889,0.25791184253251825,0.2706618795048656
DQN,0.1,0.4,6,26.666666666666668,15.491933384829668,16.257787024934682,38.06503166666667,21.202969958987637,22.251152346605522,10.548519461279461,2.5914814205139654,2.7195929628156272,46.567049256056805,21.800793636291207,22.878529819941562,29.444444444444443,20.807762084447305,21.836407117895355,29.68013468013468,24.077758659428714,25.268058066018646,30.232664995822887,24.342430903485834,25.545814551823437,0.65,0.6238767684585012,0.6547185157234859
DQN,0.25,0.0,6,39.44444444444444,34.08594801163453,35.771008663050935,34.67658722222223,32.794381925267935,34.415593180736856,9.481776522089023,2.7327434494654983,2.8678383705613846,38.11654645466618,33.34165214142278,34.989918050223324,35.55555555555555,20.62001903939919,21.639382875279267,61.018148518148514,22.77051538078707,23.89619037939763,36.8971764117941,28.95319994282702,30.384519909037046,0.6777777777777779,0.7649739768026003,0.8027909548496127
DQN,0.25,0.2,6,40.55555555555555,23.03781111001522,24.176700044041638,30.130643333333335,16.159419870318782,16.958271131955875,11.84953149050024,1.3256024929780885,1.3911345004661722,41.68983657117331,30.13672072532922,31.626548798752438,43.888888888888886,21.230655683250593,22.2802067323634,28.388047138047142,17.257734770647204,18.110881932189326,54.45471317181843,25.990240540402482,27.27508471256783,1.1444444444444444,0.8261467899341608,0.8669878851425693
DQN,0.25,0.4,6,36.666666666666664,17.126976771553505,17.97365982773891,27.719996666666663,9.094682375634672,9.544283818524903,20.395936619167873,10.121826348744582,10.622205311210804,32.88412213730876,9.865676142322288,10.353392155424535,43.888888888888886,13.89111093336177,14.57782689121861,43.290043290043286,18.762501064284855,19.690037310446865,47.69275355898163,15.797272870283638,16.578221163237583,1.0611111111111111,0.44890814040126137,0.47110020157651405
DoubleDQN,0.0,0.0,6,25.555555555555554,19.626135258506327,20.596365813695726,43.248091666666674,42.43173746694109,44.52937756051773,0.0,0.0,0.0,54.87960661302682,46.63674976453131,48.9422673318098,10.555555555555555,10.628403594282773,11.15382552703892,6.666666666666665,13.333333333333334,13.992475198613125,8.022988505747128,12.42923688120347,13.043684159844531,0.10555555555555556,0.10628403594282772,0.11153825527038919
DoubleDQN,0.0,0.2,6,14.999999999999998,16.69996673316713,17.525540274862895,48.261718888888886,32.29190718602966,33.888278281232765,3.5859495238095236,0.531780065867004,0.6602921627494864,52.51942645080149,34.25513465866308,35.9485591602372,20.555555555555554,16.113026706042216,16.909584491916497,18.428571428571427,25.3868035782051,31.521880032527832,20.07901889511085,16.220029844670872,17.021877399174137,0.2888888888888889,0.3324432560881909,0.3488778011820152
DoubleDQN,0.0,0.4,6,13.33333333333333,11.15546702045434,11.70694467094905,44.60078000000001,28.103574127299098,29.492892297646353,6.706574444444445,0.5478095882920373,0.6801954436530503,49.165493688210795,32.99028147470458,34.62117714975524,17.777777777777775,10.2559828970794,10.76299397435879,22.666666666666664,35.15047020390418,43.64507337212203,16.405506902633338,6.973921727027789,7.318682010187915,0.4055555555555555,0.28861097743553743,0.30287864578606866
DoubleDQN,0.1,0.0,6,36.666666666666664,21.0818510677892,22.124045865517196,38.715673333333335,32.25815045663599,33.85285276632072,3.828799631642512,1.0724209521865191,1.1254367681957205,54.19618785786435,46.317374638346806,48.60710369189551,23.888888888888886,15.974516743400573,16.764227200639695,32.26449275362319,31.19549436914084,32.73766359515089,15.734006734006734,16.487474620819675,17.302543478968698,0.45,0.45740815714438476,0.48002042208646034
DoubleDQN,0.1,0.2,6,29.444444444444443,17.180954140710146,18.03030560267971,44.493766111111114,40.0287487189198,42.007595526075164,7.341356990351696,1.6929981609511042,1.7766926083804466,52.9718617530795,41.61679486709992,43.67414775177492,30.0,17.511900715418264,18.37761273307991,17.80578898225957,15.5276706789024,16.29529101500805,32.81234382808596,20.778159111830902,21.80534070338484,0.6,0.4501851470969102,0.47244033791531376
DoubleDQN,0.1,0.4,6,19.999999999999996,19.77652929892177,20.754194679735647,53.78762,33.059579391923315,34.69390085385514,8.473368574481075,0.9163437227303325,0.9616437610281748,60.296212188065255,31.064097895416662,32.59977145266808,28.888888888888886,13.443985299781488,14.108597315828392,8.882783882783883,18.481205728559456,19.394835959800123,33.10575261640171,14.195211276833382,14.896960629762331,0.7722222222222221,0.5434117189537748,0.5702756250072315
DoubleDQN,0.25,0.0,6,46.111111111111114,29.91964547225092,31.398742291632633,31.973139444444445,34.459470766838955,36.1629967546746,8.640823821195143,1.2792864541565108,1.3425287986280026,40.668336354463435,35.28451139985481,37.02882379932378,40.0,20.548046676563256,21.563852512631712,34.58216619981325,25.23778499370439,26.485431044425436,52.285137701804366,38.715425207607176,40.62934702659035,1.1444444444444446,0.9597839263006989,1.007231458859254
DoubleDQN,0.25,0.2,6,31.66666666666666,24.106246309019397,25.29795402079598,47.17362833333333,24.168693802536986,25.36348864611551,13.058243115079364,1.6065145711085775,1.6859336469335529,57.321074323671496,31.114036822048714,32.65217914209391,37.77777777777778,9.813067629253164,10.298182906847863,23.65079365079365,15.814196574695124,16.595981501806058,44.40008783487044,12.843300221068882,13.478216985873658,0.8888888888888888,0.6375880476597084,0.6691076207857974
DoubleDQN,0.25,0.4,6,22.222222222222218,17.847087115787787,18.729369287636132,43.64230388888888,18.27613116694953,19.17962340601062,19.60568253896104,7.563131719262144,9.39086836948076,49.78925685814915,17.470136753624892,18.33378414311069,30.555555555555554,11.43419173972261,11.999448325069174,35.24025974025974,11.178727494186138,13.88022347526153,33.323555099870894,17.293295403088585,18.14820052725055,0.5944444444444444,0.32415131354673554,0.34017594115504224
DuelingDQN,0.0,0.0,6,41.666666666666664,23.261795096490534,24.411756822214812,14.96965166666667,17.314863198031883,18.170834539938017,0.0,0.0,0.0,23.636662301587297,30.693208627327866,32.210547036280765,18.888888888888886,17.5962959065148,18.466180054452447,18.75,22.008521077073762,23.09652639968316,14.236111111111109,16.26690715896905,17.071072123501253,0.18888888888888888,0.17596295906514803,0.1846618005445245
DuelingDQN,0.0,0.2,6,29.444444444444443,19.597807889508307,20.566638063084717,43.037333888888895,33.04698700385596,34.68068595302586,3.0141919604700855,0.11659497602503552,0.12235892327349009,58.265871270124215,43.147323264956974,45.28033880035901,25.555555555555554,21.87506613746615,22.956474029738764,20.379273504273502,31.18746482388614,32.72923710418845,23.611464787935375,15.933144666962862,16.72080986912946,0.5,0.6656659155395529,0.6985735360311969
DuelingDQN,0.0,0.4,6,26.11111111111111,15.5515867953033,16.32038943992706,49.05771388888889,42.367247734088245,44.461699736454584,7.025805162037037,1.537934052090943,1.6139628060738829,61.621439959435634,52.35042909076118,54.93840605169231,25.555555555555554,15.299479536052004,16.055819096992252,28.935185185185187,31.79817559536106,33.3701387534426,20.37389770723104,10.148263273296736,10.649949162045077,0.5777777777777778,0.5957876827888966,0.6252408281297114
DuelingDQN,0.1,0.0,6,36.11111111111111,19.710873103911926,20.685292728712355,42.68955833333334,52.973081849026215,55.591840047495175,4.5203470822510825,1.7295909620832688,2.1475708292374107,54.35400702955305,55.1114932314789,57.83596516500027,25.0,17.857460314638498,18.740255292209795,28.299062049062048,22.77575089505468,28.27982991844661,19.725877192982455,19.66117928790321,20.633142267110376,0.3055555555555556,0.24441919061469117,0.256502209705587
DuelingDQN,0.1,0.2,6,36.666666666666664,22.310934040908684,23.413889341898102,55.719976111111116,39.17082861004661,41.10726358764019,6.834333623301016,1.51621374332914,1.5911687399497016,72.85466055196815,49.652979864401104,52.10760669674019,31.11111111111111,12.412657816683504,13.026285498661144,34.762226501356935,26.44205290659294,27.749232712193837,27.493734335839594,17.261684636688983,18.115027062386385,0.6055555555555555,0.4213294655237378,0.4421581572589368
DuelingDQN,0.1,0.4,6,38.888888888888886,16.821502993578278,17.653084758078034,28.163769444444444,28.241654896853685,29.637799178401202,9.718974415266105,0.6604337977183875,0.693082765117531,35.48023070778255,36.30836887032914,38.103296319013296,37.222222222222214,21.230655683250593,22.2802067323634,25.8047385620915,25.556805958535886,26.820223014793612,39.54000106174019,27.572983786274786,28.93607188359088,0.7666666666666666,0.4807401700618652,0.5045058679925778
DuelingDQN,0.25,0.0,6,44.444444444444436,26.04838802149796,27.336106751599605,58.083670000000005,61.59000914087539,64.63475065395409,9.962022901805797,4.6089690069267135,4.836816339044895,71.63520012201849,66.60471492271962,69.89736162501387,48.333333333333336,17.480147469502526,18.344289745133555,41.759848338795706,25.95522233139152,27.2383353559864,50.29814956285545,21.10619967857449,22.14959816545724,0.7888888888888889,0.37515428924742517,0.3937002815960948
DuelingDQN,0.25,0.2,6,39.44444444444444,26.366364656227926,27.66980276473942,60.069494444444445,44.36625282426691,46.55952692242156,12.825553987240829,3.273455912652894,3.4352813003661833,74.5877609418582,50.2962011234273,52.78262601030106,49.44444444444445,11.038652628462037,11.584355484739547,38.82547277284119,23.838690422075906,25.017171337373497,56.51642024105792,5.480154337810869,5.751069274229303,1.3111111111111111,0.6668888518641924,0.699856928995597
DuelingDQN,0.25,0.4,6,22.777777777777782,15.408030614176733,16.169736467125475,45.52247888888889,32.81470025660807,34.43691596178841,15.309502521367522,2.117308215815428,2.2219787023212887,51.0982938577394,33.696783466469235,35.362605519570565,37.22222222222222,15.116828983570548,15.86413909757152,26.175213675213673,18.71275246923331,19.637829361765014,40.035325241207595,15.897509200589859,16.683412740673315,0.8388888888888889,0.4358474078883147,0.45739380339427965
DuelingDoubleDQN,0.0,0.0,6,23.333333333333332,10.954451150103322,11.49599145241798,20.917247777777778,16.90453694435874,17.740223545348417,0.0,0.0,0.0,27.425315416065416,21.48592294485169,22.548093294386245,6.666666666666665,13.333333333333332,13.992475198613121,8.333333333333334,20.41241452319315,21.421515296969282,5.092592592592593,9.029558228988812,9.475940218016925,0.06666666666666667,0.13333333333333333,0.13992475198613125
DuelingDoubleDQN,0.0,0.2,6,24.999999999999996,19.407902170679517,20.36734423352572,26.152401111111107,16.997635961462496,17.83792497193639,3.575828380952381,1.005911428591131,1.2490040062633263,31.985543069003526,19.478246166253832,20.44116572953409,24.444444444444446,20.5119657941588,21.52598794871758,26.857142857142854,35.202040757169,43.7091066714784,22.18253968253968,20.479362526543035,21.49177291770453,0.3944444444444444,0.3275611336778164,0.3437543279262333
DuelingDoubleDQN,0.0,0.4,6,22.777777777777775,19.138868730839246,20.085010953433528,41.72235277777778,30.057939165881795,31.54387262250173,7.22580681818182,1.4986734377391138,2.3847238723802535,48.567734154483425,33.50391584747371,35.160203366414784,19.444444444444443,15.408030614176733,16.169736467125475,30.303030303030305,30.410164153930392,48.389357277381855,15.316764132553606,12.511892590545544,13.130426007068987,0.43888888888888894,0.4434293964428042,0.4653506124046443
DuelingDoubleDQN,0.1,0.0,6,37.22222222222222,9.981464302878091,10.474904377789795,28.155131111111114,23.3362560507907,24.48989880143807,3.088148099623688,0.1948228308733983,0.20445402218397188,41.27150030251912,35.23109435327355,36.97276604686343,23.333333333333332,17.76388345929897,18.642052405147105,30.689245395127745,27.511456817091677,28.871503289315342,18.157573420731314,14.407482339122067,15.11972544784666,0.3,0.22997584414213787,0.2413448471579236
DuelingDoubleDQN,0.1,0.2,6,27.777777777777775,21.046685320091687,22.087141676579837,64.9528738888889,74.21388674503727,77.88269772544629,6.371647171717171,0.9640869742961206,1.1970720871206928,77.73810488559361,74.93833570814176,78.64296028661384,42.77777777777778,26.281947050033043,27.581211920163803,33.838383838383834,34.10119560483797,42.34222687823182,45.099786503295284,26.609482227922616,27.924939009160788,0.75,0.5871778076339208,0.6162053182870247
DuelingDoubleDQN,0.1,0.4,6,27.777777777777775,18.09440265406425,18.98891102780351,49.06725888888889,35.931811468754326,37.70812356133406,12.893851887883358,5.734229134606745,6.017704421186226,63.15486780421486,45.618643435986435,47.87383026543117,25.0,12.427567921538166,13.041932694090214,27.249874308697837,21.184851930720797,22.232138642017656,22.10105580693816,12.13391785224506,12.733765845716103,0.37777777777777777,0.23158071946867603,0.24302906052318243
DuelingDoubleDQN,0.25,0.0,6,42.77777777777778,29.395136911980426,30.848304315054246,37.5836688888889,32.13085554475606,33.719264949016505,10.308008086212034,2.063187649421529,2.165182651096174,46.70004532819257,38.24295731278728,40.133522379059734,44.44444444444445,7.503085784948502,7.874005631921895,28.28487302171513,24.628271351893137,25.84578570570591,46.39847083213249,11.21531580135701,11.769752114632636,0.6222222222222222,0.124126578166835,0.1302628549866114
DuelingDoubleDQN,0.25,0.2,6,29.444444444444443,23.60947706763975,24.77662667408809,38.49958888888889,23.15136361205876,24.29586608668549,13.023587611655772,3.210505238557956,3.369218619415478,44.9485743537363,25.628355748806705,26.89530991473089,38.33333333333333,14.719601443879744,15.447274360271795,33.739106753812635,38.23597901272887,40.126199102272544,44.04597701149425,13.97036944347479,14.661003596496272,0.9611111111111111,0.4928000120250119,0.5171618959602171
DuelingDoubleDQN,0.25,0.4,6,27.222222222222225,17.437719864537165,18.299764704367476,35.68614055555556,10.310529641596803,10.820237272095655,15.492648334998336,1.462702143791674,1.5350117602472435,41.975712550354075,9.185311164647173,9.639392899715233,46.666666666666664,17.126976771553505,17.97365982773891,28.633033633033634,26.52770391115665,27.83911792897588,50.977794384541475,18.660027254128263,19.5824976419126,1.45,0.7497406959150017,0.7868046069736203
