map_id,arm,condition,seed,success_rate,cte_success,collision_rate
0,DRL_no_chart,clean,0,23.333333333333332,0.0,0.0
0,DRL_no_chart,clean,1,13.333333333333334,0.0,6.666666666666667
0,DRL_no_chart,clean,2,0.0,,0.0
0,DRL_no_chart,clean,3,30.0,0.0,0.0
0,DRL_no_chart,clean,4,30.0,0.0,0.0
0,DRL_no_chart,clean,5,6.666666666666667,0.0,10.0
0,DRL_no_chart,harsh,0,46.666666666666664,15.253614285714287,66.66666666666666
0,DRL_no_chart,harsh,1,40.0,15.372758333333335,43.333333333333336
0,DRL_no_chart,harsh,2,10.0,40.953466666666664,30.0
0,DRL_no_chart,harsh,3,26.666666666666668,15.7859375,33.33333333333333
0,DRL_no_chart,harsh,4,60.0,17.482861111111113,36.666666666666664
0,DRL_no_chart,harsh,5,36.666666666666664,17.52698181818182,53.333333333333336
0,DRL_with_chart,clean,0,66.66666666666666,0.0,23.333333333333332
0,DRL_with_chart,clean,1,23.333333333333332,0.0,3.3333333333333335
0,DRL_with_chart,clean,2,10.0,0.0,0.0
0,DRL_with_chart,clean,3,43.333333333333336,0.0,6.666666666666667
0,DRL_with_chart,clean,4,33.33333333333333,0.43174,0.0
0,DRL_with_chart,clean,5,20.0,0.0,20.0
0,DRL_with_chart,harsh,0,60.0,13.094833333333334,63.33333333333333
0,DRL_with_chart,harsh,1,73.33333333333333,13.647859090909089,53.333333333333336
0,DRL_with_chart,harsh,2,30.0,13.851733333333334,20.0
0,DRL_with_chart,harsh,3,33.33333333333333,15.652600000000001,46.666666666666664
0,DRL_with_chart,harsh,4,70.0,14.093561904761906,46.666666666666664
0,DRL_with_chart,harsh,5,30.0,22.975055555555556,40.0
0,RuleBased,clean,0,40.0,0.0,0.0
0,RuleBased,clean,1,20.0,0.0,0.0
0,RuleBased,clean,2,46.666666666666664,0.0,0.0
0,RuleBased,clean,3,40.0,0.0,0.0
0,RuleBased,clean,4,53.333333333333336,0.0,0.0
0,RuleBased,clean,5,40.0,0.0,0.0
0,RuleBased,harsh,0,40.0,13.393608333333333,43.333333333333336
0,RuleBased,harsh,1,20.0,12.947966666666666,30.0
0,RuleBased,harsh,2,46.666666666666664,12.721907142857145,30.0
0,RuleBased,harsh,3,40.0,12.823983333333333,56.666666666666664
0,RuleBased,harsh,4,53.333333333333336,13.4355875,6.666666666666667
0,RuleBased,harsh,5,40.0,12.581366666666666,10.0
2,DRL_no_chart,clean,0,33.33333333333333,0.0,40.0
2,DRL_no_chart,clean,1,10.0,0.0,6.666666666666667
2,DRL_no_chart,clean,2,66.66666666666666,0.0,56.666666666666664
2,DRL_no_chart,clean,3,63.33333333333333,0.0,6.666666666666667
2,DRL_no_chart,clean,4,6.666666666666667,0.0,0.0
2,DRL_no_chart,clean,5,6.666666666666667,0.0,0.0
2,DRL_no_chart,harsh,0,43.333333333333336,17.089053846153845,46.666666666666664
2,DRL_no_chart,harsh,1,66.66666666666666,13.547305,40.0
2,DRL_no_chart,harsh,2,26.666666666666668,16.7742875,53.333333333333336
2,DRL_no_chart,harsh,3,60.0,17.81147222222222,10.0
2,DRL_no_chart,harsh,4,30.0,15.07377777777778,40.0
2,DRL_no_chart,harsh,5,26.666666666666668,14.2204625,53.333333333333336
2,DRL_with_chart,clean,0,16.666666666666664,26.702459999999995,23.333333333333332
2,DRL_with_chart,clean,1,6.666666666666667,0.0,6.666666666666667
2,DRL_with_chart,clean,2,6.666666666666667,0.0,0.0
2,DRL_with_chart,clean,3,70.0,0.0,6.666666666666667
2,DRL_with_chart,clean,4,6.666666666666667,0.0,6.666666666666667
2,DRL_with_chart,clean,5,26.666666666666668,0.0,13.333333333333334
2,DRL_with_chart,harsh,0,43.333333333333336,13.741892307692307,76.66666666666667
2,DRL_with_chart,harsh,1,33.33333333333333,17.14887,50.0
2,DRL_with_chart,harsh,2,60.0,17.28216111111111,60.0
2,DRL_with_chart,harsh,3,66.66666666666666,20.670464999999997,10.0
2,DRL_with_chart,harsh,4,30.0,16.87623333333333,53.333333333333336
2,DRL_with_chart,harsh,5,70.0,15.972714285714284,63.33333333333333
2,RuleBased,clean,0,10.0,0.0,0.0
2,RuleBased,clean,1,46.666666666666664,0.0,3.3333333333333335
2,RuleBased,clean,2,10.0,0.0,0.0
2,RuleBased,clean,3,93.33333333333333,0.0,6.666666666666667
2,RuleBased,clean,4,3.3333333333333335,0.0,0.0
2,RuleBased,clean,5,46.666666666666664,0.0,0.0
2,RuleBased,harsh,0,10.0,14.4504,0.0
2,RuleBased,harsh,1,46.666666666666664,13.263549999999999,23.333333333333332
2,RuleBased,harsh,2,10.0,13.463033333333334,36.666666666666664
2,RuleBased,harsh,3,93.33333333333333,13.093003571428572,36.666666666666664
2,RuleBased,harsh,4,3.3333333333333335,17.0926,10.0
2,RuleBased,harsh,5,46.666666666666664,13.289185714285713,46.666666666666664
3,DRL_no_chart,clean,0,3.3333333333333335,11.0986,3.3333333333333335
3,DRL_no_chart,clean,1,3.3333333333333335,0.0,10.0
3,DRL_no_chart,clean,2,3.3333333333333335,0.0,0.0
3,DRL_no_chart,clean,3,20.0,0.0,3.3333333333333335
3,DRL_no_chart,clean,4,0.0,,3.3333333333333335
3,DRL_no_chart,clean,5,3.3333333333333335,0.0,3.3333333333333335
3,DRL_no_chart,harsh,0,16.666666666666664,12.49972,50.0
3,DRL_no_chart,harsh,1,43.333333333333336,16.882938461538462,46.666666666666664
3,DRL_no_chart,harsh,2,23.333333333333332,13.626785714285713,13.333333333333334
3,DRL_no_chart,harsh,3,40.0,16.743125000000003,36.666666666666664
3,DRL_no_chart,harsh,4,30.0,15.965833333333332,23.333333333333332
3,DRL_no_chart,harsh,5,30.0,13.364677777777777,46.666666666666664
3,DRL_with_chart,clean,0,40.0,0.0,20.0
3,DRL_with_chart,clean,1,0.0,,6.666666666666667
3,DRL_with_chart,clean,2,23.333333333333332,0.0,0.0
3,DRL_with_chart,clean,3,46.666666666666664,0.0,26.666666666666668
3,DRL_with_chart,clean,4,36.666666666666664,0.0,10.0
3,DRL_with_chart,clean,5,0.0,,13.333333333333334
3,DRL_with_chart,harsh,0,33.33333333333333,13.67414,70.0
3,DRL_with_chart,harsh,1,23.333333333333332,19.171414285714285,40.0
3,DRL_with_chart,harsh,2,20.0,13.756933333333334,13.333333333333334
3,DRL_with_chart,harsh,3,50.0,16.337133333333334,36.666666666666664
3,DRL_with_chart,harsh,4,23.333333333333332,16.335671428571427,16.666666666666664
3,DRL_with_chart,harsh,5,16.666666666666664,15.26668,33.33333333333333
3,RuleBased,clean,0,70.0,0.0,0.0
3,RuleBased,clean,1,30.0,0.0,0.0
3,RuleBased,clean,2,60.0,0.0,0.0
3,RuleBased,clean,3,46.666666666666664,0.0,0.0
3,RuleBased,clean,4,66.66666666666666,0.0,0.0
3,RuleBased,clean,5,23.333333333333332,0.0,0.0
3,RuleBased,harsh,0,70.0,13.414328571428571,40.0
3,RuleBased,harsh,1,30.0,12.848122222222223,13.333333333333334
3,RuleBased,harsh,2,60.0,13.32058888888889,20.0
3,RuleBased,harsh,3,46.666666666666664,13.022335714285713,3.3333333333333335
3,RuleBased,harsh,4,66.66666666666666,13.448145,0.0
3,RuleBased,harsh,5,23.333333333333332,13.254157142857142,10.0
