agent,metric,clean_mean,harsh_mean,abs_change,wilcoxon_p,cohens_dz,effect_mag,wilcoxon_p_holm,sig_holm
RuleBased,full_success_rate,100.0,100.0,0.0,1.0,0.0,negligible,1.0,False
RuleBased,dock_success_rate,100.0,100.0,0.0,1.0,0.0,negligible,1.0,False
RuleBased,mean_reward,243.25333333333333,182.2895555555555,-60.96377777777777,0.03125,-3.8585414233352036,large,0.0625,False
RuleBased,collisions_per_ep,0.0,1.7666666666666666,1.7666666666666666,0.03125,2.9175539775848565,large,0.0625,False
RuleBased,cte_success,0.0,19.842966666666666,19.842966666666666,0.03125,73.49458069310711,large,0.03125,True
RuleBased,dock_accuracy_leg1,0.0,15.345944444444447,15.345944444444447,0.03125,7.364528553799854,large,0.0625,False
DQN,full_success_rate,16.666666666666668,15.555555555555555,-1.1111111111111114,0.892738400944348,-0.03197647396955397,negligible,1.0,False
DQN,dock_success_rate,100.0,66.1111111111111,-33.88888888888889,0.04216819709715596,-1.3614172262451782,large,0.08433639419431192,False
DQN,mean_reward,-74.0825,-236.203,-162.1205,0.0625,-1.2722795320936258,large,0.0625,False
DQN,collisions_per_ep,0.0,1.8166666666666667,1.8166666666666667,0.03125,2.3057231849819657,large,0.0625,False
DQN,cte_success,0.0,20.770875,20.770875,,,n/a,,False
DQN,dock_accuracy_leg1,0.0,16.815114936125966,16.815114936125966,0.03125,5.387137571276283,large,0.0625,False
